SAMPLE_NAME,COSMIC_IDENTIFIER,WHOLE_EXOME_SEQUENCING_(WES),COPY_NUMBER_ALTERATIONS_(CNA),GENE_EXPRESSION,METHYLATION,DRUG_RESPONSE,GDSC_TISSUE_DESCRIPTOR_1,GDSC_TISSUE_DESCRIPTOR_2,CANCER_TYPE_(MATCHING_TCGA_LABEL),MICROSATELLITE__INSTABILITY_STATUS_(MSI),SCREEN_MEDIUM,GROWTH_PROPERTIES
A253,906794.0,Y,Y,Y,Y,Y,aero_dig_tract,head and neck,,MSS/MSI-L,D/F12,Adherent
BB30-HNC,753531.0,Y,Y,Y,Y,Y,aero_dig_tract,head and neck,HNSC,MSS/MSI-L,D/F12,Adherent
BB49-HNC,753532.0,Y,Y,Y,Y,Y,aero_dig_tract,head and neck,HNSC,MSS/MSI-L,D/F12,Adherent
BHY,753535.0,Y,Y,Y,Y,Y,aero_dig_tract,head and neck,HNSC,MSS/MSI-L,D/F12,Adherent
BICR10,1290724.0,Y,Y,Y,Y,Y,aero_dig_tract,head and neck,HNSC,MSS/MSI-L,D/F12,Adherent
BICR22,1240121.0,Y,Y,Y,Y,Y,aero_dig_tract,head and neck,HNSC,MSS/MSI-L,D/F12,Adherent
BICR31,1290725.0,Y,Y,Y,Y,Y,aero_dig_tract,head and neck,HNSC,MSS/MSI-L,D/F12,Adherent
BICR78,1240122.0,Y,Y,Y,Y,Y,aero_dig_tract,head and neck,HNSC,MSS/MSI-L,D/F12,Adherent
CA9-22,753538.0,Y,Y,Y,Y,Y,aero_dig_tract,head and neck,HNSC,MSS/MSI-L,D/F12,Adherent
CAL-27,910916.0,Y,Y,Y,Y,Y,aero_dig_tract,head and neck,HNSC,MSS/MSI-L,D/F12,Adherent
CAL-33,753541.0,Y,Y,Y,Y,Y,aero_dig_tract,head and neck,HNSC,MSS/MSI-L,D/F12,Adherent
DETROIT562,906837.0,Y,Y,Y,Y,Y,aero_dig_tract,head and neck,HNSC,MSS/MSI-L,D/F12,Adherent
DOK,910936.0,Y,Y,Y,Y,Y,aero_dig_tract,head and neck,HNSC,MSS/MSI-L,D/F12,Adherent
FADU,906863.0,Y,Y,Y,Y,Y,aero_dig_tract,head and neck,HNSC,MSS/MSI-L,D/F12,Adherent
H3118,1240140.0,Y,Y,Y,Y,Y,aero_dig_tract,head and neck,,MSS/MSI-L,R,Adherent
HN,907059.0,Y,Y,Y,Y,Y,aero_dig_tract,head and neck,HNSC,MSS/MSI-L,D/F12,Adherent
HO-1-N-1,924111.0,Y,Y,Y,Y,Y,aero_dig_tract,head and neck,HNSC,MSS/MSI-L,D/F12,Adherent
HO-1-U-1,753561.0,Y,Y,Y,Y,Y,aero_dig_tract,head and neck,HNSC,MSS/MSI-L,D/F12,Adherent
HSC-2,753562.0,Y,Y,Y,Y,Y,aero_dig_tract,head and neck,HNSC,MSS/MSI-L,D/F12,Adherent
HSC-3,907061.0,Y,Y,Y,Y,Y,aero_dig_tract,head and neck,HNSC,MSS/MSI-L,D/F12,Adherent
HSC-4,907062.0,Y,Y,Y,Y,Y,aero_dig_tract,head and neck,HNSC,MSS/MSI-L,D/F12,Adherent
JHU-011,1240161.0,Y,Y,Y,Y,Y,aero_dig_tract,head and neck,HNSC,MSS/MSI-L,R,Adherent
JHU-022,1240162.0,Y,Y,Y,Y,Y,aero_dig_tract,head and neck,HNSC,MSS/MSI-L,R,Adherent
KON,1298215.0,Y,Y,Y,Y,Y,aero_dig_tract,head and neck,HNSC,MSS/MSI-L,D/F12,Adherent
KOSC-2,753570.0,Y,Y,Y,Y,Y,aero_dig_tract,head and neck,HNSC,MSS/MSI-L,R,Adherent
LB771-HNC,753583.0,Y,Y,Y,Y,Y,aero_dig_tract,head and neck,HNSC,MSS/MSI-L,D/F12,Adherent
OSC-19,1298362.0,Y,Y,Y,Y,Y,aero_dig_tract,head and neck,HNSC,MSS/MSI-L,D/F12,Adherent
OSC-20,1240196.0,Y,Y,Y,Y,Y,aero_dig_tract,head and neck,HNSC,MSS/MSI-L,D/F12,Adherent
PCI-15A,1240204.0,Y,Y,Y,Y,Y,aero_dig_tract,head and neck,HNSC,MSS/MSI-L,R,Adherent
PCI-30,1298529.0,Y,Y,Y,Y,Y,aero_dig_tract,head and neck,HNSC,MSS/MSI-L,R,Adherent
PCI-38,1240205.0,Y,Y,Y,Y,Y,aero_dig_tract,head and neck,HNSC,MSS/MSI-L,R,Adherent
PCI-4B,1298531.0,Y,Y,Y,Y,Y,aero_dig_tract,head and neck,HNSC,MSS/MSI-L,R,Adherent
PCI-6A,1240206.0,Y,Y,Y,Y,Y,aero_dig_tract,head and neck,HNSC,MSS/MSI-L,R,Adherent
PE/CA-PJ15,1240207.0,Y,Y,Y,Y,Y,aero_dig_tract,head and neck,HNSC,MSS/MSI-L,D/F12,Adherent
RPMI-2650,909700.0,Y,Y,Y,Y,Y,aero_dig_tract,head and neck,HNSC,MSS/MSI-L,D/F12,Adherent
SAS,909708.0,Y,Y,Y,Y,Y,aero_dig_tract,head and neck,HNSC,MSS/MSI-L,D/F12,Adherent
SAT,1299050.0,Y,Y,Y,Y,Y,aero_dig_tract,head and neck,HNSC,MSS/MSI-L,R,Adherent
SCC-15,910911.0,Y,Y,Y,Y,Y,aero_dig_tract,head and neck,HNSC,MSS/MSI-L,D/F12,Adherent
SCC-25,910701.0,Y,Y,Y,Y,Y,aero_dig_tract,head and neck,HNSC,MSS/MSI-L,D/F12,Adherent
SCC-4,910904.0,Y,Y,Y,Y,Y,aero_dig_tract,head and neck,HNSC,MSS/MSI-L,D/F12,Adherent
SCC-9,909709.0,Y,Y,Y,Y,Y,aero_dig_tract,head and neck,HNSC,MSS/MSI-L,D/F12,Adherent
SKN-3,1299059.0,Y,Y,Y,Y,Y,aero_dig_tract,head and neck,HNSC,MSS/MSI-L,R,Adherent
COLO-680N,906817.0,Y,Y,Y,Y,Y,aero_dig_tract,oesophagus,ESCA,MSS/MSI-L,R,Adherent
EC-GI-10,753555.0,Y,Y,Y,Y,Y,aero_dig_tract,oesophagus,ESCA,MSS/MSI-L,D/F12,Adherent
ESO26,1503366.0,Y,Y,Y,Y,Y,aero_dig_tract,oesophagus,ESCA,MSS/MSI-L,R,Adherent
ESO51,1503367.0,Y,Y,Y,Y,Y,aero_dig_tract,oesophagus,ESCA,MSS/MSI-L,R,Semi-Adherent
FLO-1,1503361.0,Y,Y,Y,Y,Y,aero_dig_tract,oesophagus,ESCA,MSS/MSI-L,R,Adherent
HCE-4,753559.0,Y,Y,Y,Y,Y,aero_dig_tract,oesophagus,ESCA,MSS/MSI-L,D/F12,Adherent
KYAE-1,1503368.0,Y,Y,Y,Y,Y,aero_dig_tract,oesophagus,ESCA,MSS/MSI-L,R,Suspension
KYSE-140,753573.0,Y,Y,Y,Y,Y,aero_dig_tract,oesophagus,ESCA,MSS/MSI-L,R,Adherent
KYSE-150,907317.0,Y,Y,Y,Y,Y,aero_dig_tract,oesophagus,ESCA,MSS/MSI-L,R,Adherent
KYSE-180,907318.0,Y,Y,Y,Y,Y,aero_dig_tract,oesophagus,ESCA,MSS/MSI-L,R,Adherent
KYSE-220,1240167.0,Y,Y,Y,Y,Y,aero_dig_tract,oesophagus,ESCA,MSS/MSI-L,R,Adherent
KYSE-270,907319.0,Y,Y,Y,Y,Y,aero_dig_tract,oesophagus,ESCA,MSS/MSI-L,R,Adherent
KYSE-410,753574.0,Y,Y,Y,Y,Y,aero_dig_tract,oesophagus,ESCA,MSS/MSI-L,R,Adherent
KYSE-450,907320.0,Y,Y,Y,Y,Y,aero_dig_tract,oesophagus,ESCA,MSS/MSI-L,R,Adherent
KYSE-50,1298222.0,Y,Y,Y,Y,Y,aero_dig_tract,oesophagus,ESCA,MSS/MSI-L,D/F12,Adherent
KYSE-510,907321.0,Y,Y,Y,Y,Y,aero_dig_tract,oesophagus,ESCA,MSS/MSI-L,R,Adherent
KYSE-520,753575.0,Y,Y,Y,Y,Y,aero_dig_tract,oesophagus,ESCA,MSS/MSI-L,R,Adherent
KYSE-70,753576.0,Y,Y,Y,Y,Y,aero_dig_tract,oesophagus,ESCA,MSS/MSI-L,R,Adherent
OACM5-1,1503363.0,Y,Y,Y,Y,Y,aero_dig_tract,oesophagus,ESCA,MSS/MSI-L,R,Semi-Adherent
OACP4C,1503362.0,Y,Y,Y,Y,Y,aero_dig_tract,oesophagus,ESCA,MSS/MSI-L,R,Adherent
OE19,910079.0,Y,Y,Y,Y,Y,aero_dig_tract,oesophagus,ESCA,MSS/MSI-L,R,Adherent
OE21,1298359.0,Y,Y,Y,Y,Y,aero_dig_tract,oesophagus,ESCA,MSS/MSI-L,R,Adherent
OE33,910549.0,Y,Y,Y,Y,Y,aero_dig_tract,oesophagus,ESCA,MSS/MSI-L,R,Adherent
SK-GT-4,1503365.0,Y,Y,Y,Y,Y,aero_dig_tract,oesophagus,ESCA,MSS/MSI-L,R,Adherent
TE-1,753621.0,Y,Y,Y,Y,Y,aero_dig_tract,oesophagus,ESCA,MSS/MSI-L,D/F12,Adherent
TE-10,753622.0,Y,Y,Y,Y,Y,aero_dig_tract,oesophagus,ESCA,MSS/MSI-L,D/F12,Adherent
TE-11,946354.0,Y,Y,Y,Y,Y,aero_dig_tract,oesophagus,ESCA,MSS/MSI-L,D/F12,Adherent
TE-12,946356.0,Y,Y,Y,Y,Y,aero_dig_tract,oesophagus,ESCA,MSS/MSI-L,D/F12,Suspension
TE-15,753614.0,Y,Y,Y,Y,Y,aero_dig_tract,oesophagus,ESCA,MSS/MSI-L,D/F12,Suspension
TE-4,1503371.0,Y,Y,Y,Y,Y,aero_dig_tract,oesophagus,ESCA,MSS/MSI-L,R,Adherent
TE-5,735784.0,Y,Y,Y,Y,Y,aero_dig_tract,oesophagus,ESCA,MSS/MSI-L,D/F12,Adherent
TE-6,946355.0,Y,Y,Y,Y,Y,aero_dig_tract,oesophagus,ESCA,MSS/MSI-L,D/F12,Adherent
TE-8,753623.0,Y,Y,Y,Y,Y,aero_dig_tract,oesophagus,ESCA,MSS/MSI-L,D/F12,Adherent
TE-9,946353.0,Y,Y,Y,Y,Y,aero_dig_tract,oesophagus,ESCA,MSS/MSI-L,D/F12,Adherent
T-T,1299064.0,Y,Y,Y,Y,Y,aero_dig_tract,oesophagus,ESCA,MSS/MSI-L,D/F12,Adherent
CESS,910688.0,Y,Y,Y,Y,Y,leukemia,acute_myeloid_leukaemia,LAML,MSS/MSI-L,R,Suspension
CTV-1,753548.0,Y,Y,Y,Y,Y,leukemia,acute_myeloid_leukaemia,LAML,MSI-H,R,Suspension
GDM-1,906870.0,Y,Y,Y,Y,Y,leukemia,acute_myeloid_leukaemia,LAML,MSS/MSI-L,R,Suspension
HEL,907053.0,Y,Y,Y,Y,Y,leukemia,acute_myeloid_leukaemia,LAML,MSS/MSI-L,R,Semi-Adherent
HL-60,905938.0,Y,Y,Y,Y,Y,leukemia,acute_myeloid_leukaemia,LAML,MSS/MSI-L,D/F12,Suspension
KASUMI-1,907275.0,Y,Y,Y,Y,Y,leukemia,acute_myeloid_leukaemia,LAML,MSS/MSI-L,R,Suspension
KG-1,907278.0,Y,Y,Y,Y,Y,leukemia,acute_myeloid_leukaemia,LAML,MSS/MSI-L,D/F12,Suspension
KMOE-2,907280.0,Y,Y,Y,Y,Y,leukemia,acute_myeloid_leukaemia,LAML,MSS/MSI-L,R,Suspension
ME-1,1330942.0,Y,Y,Y,Y,Y,leukemia,acute_myeloid_leukaemia,LAML,MSS/MSI-L,R,Suspension
ML-2,908141.0,Y,Y,Y,Y,Y,leukemia,acute_myeloid_leukaemia,LAML,MSS/MSI-L,R,Suspension
MOLM-13,1330947.0,Y,Y,Y,Y,Y,leukemia,acute_myeloid_leukaemia,LAML,MSS/MSI-L,R,Suspension
MONO-MAC-6,908148.0,Y,Y,Y,Y,Y,leukemia,acute_myeloid_leukaemia,LAML,MSS/MSI-L,R,Suspension
NKM-1,908448.0,Y,Y,Y,Y,Y,leukemia,acute_myeloid_leukaemia,LAML,MSS/MSI-L,R,Suspension
NOMO-1,908451.0,Y,Y,Y,Y,Y,leukemia,acute_myeloid_leukaemia,LAML,MSS/MSI-L,R,Suspension
OCI-AML2,910947.0,Y,Y,Y,Y,Y,leukemia,acute_myeloid_leukaemia,LAML,MSS/MSI-L,D/F12,Suspension
OCI-AML3,1290455.0,Y,Y,Y,Y,Y,leukemia,acute_myeloid_leukaemia,LAML,MSS/MSI-L,R,Suspension
OCI-AML5,1330983.0,Y,Y,Y,Y,Y,leukemia,acute_myeloid_leukaemia,LAML,MSS/MSI-L,D/F12,Suspension
OCI-M1,1330985.0,Y,Y,Y,Y,Y,leukemia,acute_myeloid_leukaemia,LAML,MSS/MSI-L,D/F12,Suspension
P31-FUJ,909253.0,Y,Y,Y,Y,Y,leukemia,acute_myeloid_leukaemia,LAML,MSI-H,R,Suspension
PL-21,1330991.0,Y,Y,Y,Y,Y,leukemia,acute_myeloid_leukaemia,LAML,MSS/MSI-L,R,Suspension
QIMR-WIL,910545.0,Y,Y,Y,Y,Y,leukemia,acute_myeloid_leukaemia,LAML,MSS/MSI-L,D/F12,Suspension
SIG-M5,909715.0,Y,Y,Y,Y,Y,leukemia,acute_myeloid_leukaemia,LAML,MSS/MSI-L,D/F12,Suspension
THP-1,909771.0,Y,Y,Y,Y,Y,leukemia,acute_myeloid_leukaemia,LAML,MSS/MSI-L,R,Suspension
KARPAS-299,907273.0,Y,Y,Y,Y,Y,lymphoma,anaplastic_large_cell_lymphoma,,MSS/MSI-L,R,Suspension
SU-DHL-1,909742.0,Y,Y,Y,Y,Y,lymphoma,anaplastic_large_cell_lymphoma,,MSS/MSI-L,R,Suspension
SUP-M2,1331040.0,Y,Y,Y,Y,Y,lymphoma,anaplastic_large_cell_lymphoma,,MSS/MSI-L,R,Suspension
BALL-1,910705.0,Y,Y,Y,Y,Y,leukemia,B_cell_leukemia,,MSS/MSI-L,R,Suspension
KARPAS-231,1327774.0,Y,Y,Y,Y,Y,leukemia,B_cell_leukemia,,MSS/MSI-L,R,Suspension
KOPN-8,1330933.0,Y,Y,Y,Y,Y,leukemia,B_cell_leukemia,,MSS/MSI-L,R,Suspension
MHH-CALL-2,908132.0,Y,Y,Y,Y,Y,leukemia,B_cell_leukemia,,MSS/MSI-L,R,Suspension
MHH-PREB-1,908136.0,Y,Y,Y,Y,Y,leukemia,B_cell_leukemia,,MSI-H,R,Suspension
MN-60,908143.0,Y,Y,Y,Y,Y,leukemia,B_cell_leukemia,,MSI-H,D/F12,Suspension
NALM-6,908158.0,Y,Y,Y,Y,Y,leukemia,B_cell_leukemia,,MSI-H,R,Suspension
RCH-ACV,1330994.0,Y,Y,Y,Y,Y,leukemia,B_cell_leukemia,,MSS/MSI-L,R,Suspension
REH,909696.0,Y,Y,Y,Y,Y,leukemia,B_cell_leukemia,,MSI-H,R,Suspension
ROS-50,1331025.0,Y,Y,Y,Y,Y,leukemia,B_cell_leukemia,,MSS/MSI-L,R,Suspension
SUP-B8,910209.0,Y,Y,Y,Y,Y,leukemia,B_cell_leukemia,,MSS/MSI-L,R,Suspension
U-698-M,909777.0,Y,Y,Y,Y,Y,leukemia,B_cell_leukemia,,MSS/MSI-L,R,Suspension
A3-KAW,910935.0,Y,Y,Y,Y,Y,lymphoma,B_cell_lymphoma,DLBC,MSS/MSI-L,R,Suspension
A4-FUK,910934.0,Y,Y,Y,Y,Y,lymphoma,B_cell_lymphoma,DLBC,MSS/MSI-L,R,Suspension
BC-1,910919.0,Y,Y,Y,Y,Y,lymphoma,B_cell_lymphoma,DLBC,MSS/MSI-L,R,Suspension
CRO-AP2,906807.0,Y,Y,Y,Y,Y,lymphoma,B_cell_lymphoma,DLBC,MSS/MSI-L,R,Suspension
CTB-1,949088.0,Y,Y,Y,Y,Y,lymphoma,B_cell_lymphoma,DLBC,MSS/MSI-L,R,Suspension
DB,906832.0,Y,Y,Y,Y,Y,lymphoma,B_cell_lymphoma,DLBC,MSS/MSI-L,R,Suspension
DOHH-2,906842.0,Y,Y,Y,Y,Y,lymphoma,B_cell_lymphoma,DLBC,MSS/MSI-L,R,Suspension
FARAGE,1297449.0,Y,Y,Y,Y,Y,lymphoma,B_cell_lymphoma,DLBC,MSS/MSI-L,R,Suspension
GRANTA-519,1303897.0,Y,Y,Y,Y,Y,lymphoma,B_cell_lymphoma,DLBC,MSS/MSI-L,D/F12,Suspension
JEKO-1,1327765.0,Y,Y,Y,Y,Y,lymphoma,B_cell_lymphoma,DLBC,MSS/MSI-L,R,Suspension
JSC-1,1327769.0,Y,Y,Y,Y,Y,lymphoma,B_cell_lymphoma,DLBC,MSS/MSI-L,R,Suspension
KARPAS-1106P,1327773.0,Y,Y,Y,Y,Y,lymphoma,B_cell_lymphoma,DLBC,MSS/MSI-L,R,Suspension
KARPAS-422,907274.0,Y,Y,Y,Y,Y,lymphoma,B_cell_lymphoma,DLBC,MSS/MSI-L,R,Suspension
MC116,907799.0,Y,Y,Y,Y,Y,lymphoma,B_cell_lymphoma,DLBC,MSS/MSI-L,R,Suspension
NU-DUL-1,1330982.0,Y,Y,Y,Y,Y,lymphoma,B_cell_lymphoma,DLBC,MSS/MSI-L,R,Suspension
OCI-LY-19,1330984.0,Y,Y,Y,Y,Y,lymphoma,B_cell_lymphoma,DLBC,MSS/MSI-L,D/F12,Suspension
RC-K8,1330995.0,Y,Y,Y,Y,Y,lymphoma,B_cell_lymphoma,DLBC,MSS/MSI-L,R,Suspension
RL,910861.0,Y,Y,Y,Y,Y,lymphoma,B_cell_lymphoma,DLBC,MSS/MSI-L,R,Suspension
SCC-3,910930.0,Y,Y,Y,Y,Y,lymphoma,B_cell_lymphoma,DLBC,MSS/MSI-L,R,Suspension
SLVL,1331032.0,Y,Y,Y,Y,Y,lymphoma,B_cell_lymphoma,DLBC,MSS/MSI-L,R,Suspension
SU-DHL-10,1331033.0,Y,Y,Y,Y,Y,lymphoma,B_cell_lymphoma,DLBC,MSS/MSI-L,R,Suspension
SU-DHL-16,1331034.0,Y,Y,Y,Y,Y,lymphoma,B_cell_lymphoma,DLBC,MSS/MSI-L,R,Suspension
SU-DHL-4,1331035.0,Y,Y,Y,Y,Y,lymphoma,B_cell_lymphoma,DLBC,MSS/MSI-L,R,Suspension
SU-DHL-5,1331036.0,Y,Y,Y,Y,Y,lymphoma,B_cell_lymphoma,DLBC,MSS/MSI-L,R,Suspension
SU-DHL-6,1331037.0,Y,Y,Y,Y,Y,lymphoma,B_cell_lymphoma,DLBC,MSS/MSI-L,R,Suspension
SU-DHL-8,1331038.0,Y,Y,Y,Y,Y,lymphoma,B_cell_lymphoma,DLBC,MSS/MSI-L,R,Suspension
TK,1331045.0,Y,Y,Y,Y,Y,lymphoma,B_cell_lymphoma,DLBC,MSS/MSI-L,R,Suspension
TUR,909773.0,Y,Y,Y,Y,Y,lymphoma,B_cell_lymphoma,DLBC,MSI-H,R,Suspension
VAL,1331048.0,Y,Y,Y,Y,Y,lymphoma,B_cell_lymphoma,DLBC,MSS/MSI-L,R,Suspension
WSU-DLCL2,1331050.0,Y,Y,Y,Y,Y,lymphoma,B_cell_lymphoma,DLBC,MSS/MSI-L,R,Suspension
BL-41,910706.0,Y,Y,Y,Y,Y,lymphoma,Burkitt_lymphoma,,MSS/MSI-L,R,Suspension
CA46,910703.0,Y,Y,Y,Y,Y,lymphoma,Burkitt_lymphoma,,MSS/MSI-L,R,Suspension
DAUDI,906831.0,Y,Y,Y,Y,Y,lymphoma,Burkitt_lymphoma,,MSS/MSI-L,R,Suspension
DG-75,906838.0,Y,Y,Y,Y,Y,lymphoma,Burkitt_lymphoma,,MSI-H,R,Suspension
EB2,906846.0,Y,Y,Y,Y,Y,lymphoma,Burkitt_lymphoma,,MSS/MSI-L,R,Suspension
EB-3,906847.0,Y,Y,Y,Y,Y,lymphoma,Burkitt_lymphoma,,MSS/MSI-L,R,Suspension
GA-10,1303896.0,Y,Y,Y,Y,Y,lymphoma,Burkitt_lymphoma,,MSS/MSI-L,R,Suspension
JIYOYEP-2003,907268.0,Y,Y,Y,Y,Y,lymphoma,Burkitt_lymphoma,,MSS/MSI-L,R,Suspension
NAMALWA,908159.0,Y,Y,Y,Y,Y,lymphoma,Burkitt_lymphoma,,MSS/MSI-L,R,Suspension
P32-ISH,1330987.0,Y,Y,Y,Y,Y,lymphoma,Burkitt_lymphoma,,MSS/MSI-L,R,Suspension
RAJI,909262.0,Y,Y,Y,Y,Y,lymphoma,Burkitt_lymphoma,,MSS/MSI-L,R,Suspension
RAMOS-2G6-4C10,910401.0,Y,Y,Y,Y,Y,lymphoma,Burkitt_lymphoma,,MSS/MSI-L,R,Suspension
ST486,910906.0,Y,Y,Y,Y,Y,lymphoma,Burkitt_lymphoma,,MSS/MSI-L,R,Suspension
BV-173,910710.0,Y,Y,Y,Y,Y,leukemia,chronic_myeloid_leukaemia,LCML,MSS/MSI-L,R,Suspension
CML-T1,910951.0,Y,Y,Y,Y,Y,leukemia,chronic_myeloid_leukaemia,LCML,MSS/MSI-L,D/F12,Suspension
EM-2,906855.0,Y,Y,Y,Y,Y,leukemia,chronic_myeloid_leukaemia,LCML,MSS/MSI-L,R,Suspension
JURL-MK1,1327771.0,Y,Y,Y,Y,Y,leukemia,chronic_myeloid_leukaemia,LCML,MSS/MSI-L,R,Suspension
K-562,905940.0,Y,Y,Y,Y,Y,leukemia,chronic_myeloid_leukaemia,LCML,MSS/MSI-L,D/F12,Suspension
KCL-22,1330931.0,Y,Y,Y,Y,Y,leukemia,chronic_myeloid_leukaemia,LCML,MSI-H,R,Suspension
KU812,907311.0,Y,Y,Y,Y,Y,leukemia,chronic_myeloid_leukaemia,LCML,MSS/MSI-L,R,Suspension
LAMA-84,907783.0,Y,Y,Y,Y,Y,leukemia,chronic_myeloid_leukaemia,LCML,MSS/MSI-L,R,Suspension
MEG-01,908126.0,Y,Y,Y,Y,Y,leukemia,chronic_myeloid_leukaemia,LCML,MSS/MSI-L,R,Suspension
RPMI-8866,910544.0,Y,Y,Y,Y,Y,leukemia,chronic_myeloid_leukaemia,LCML,MSS/MSI-L,R,Suspension
AMO-1,1295741.0,Y,Y,Y,Y,Y,myeloma,haematopoietic_neoplasm other,MM,MSS/MSI-L,R,Suspension
EOL-1-CELL,906856.0,Y,Y,Y,Y,Y,leukemia,haematopoietic_neoplasm other,,MSS/MSI-L,R,Suspension
JJN-3,1327766.0,Y,Y,Y,Y,Y,myeloma,haematopoietic_neoplasm other,MM,MSS/MSI-L,D/F12,Suspension
KARPAS-620,1327775.0,Y,Y,Y,Y,Y,myeloma,haematopoietic_neoplasm other,MM,MSS/MSI-L,R,Suspension
MC-CAR,683665.0,Y,Y,Y,Y,Y,myeloma,haematopoietic_neoplasm other,MM,MSS/MSI-L,D/F12,Suspension
SKM-1,909722.0,Y,Y,Y,Y,Y,leukemia,haematopoietic_neoplasm other,,MSS/MSI-L,R,Suspension
HC-1,907044.0,Y,Y,Y,Y,Y,leukemia,hairy_cell_leukaemia,,MSS/MSI-L,R,Suspension
MLMA,908142.0,Y,Y,Y,Y,Y,leukemia,hairy_cell_leukaemia,,MSS/MSI-L,R,Semi-Adherent
MO-T,908149.0,Y,Y,Y,Y,Y,leukemia,hairy_cell_leukaemia,,MSS/MSI-L,D/F12,Suspension
HDLM-2,924110.0,Y,Y,Y,Y,Y,lymphoma,Hodgkin_lymphoma,,MSS/MSI-L,R,Suspension
HD-MY-Z,907050.0,Y,Y,Y,Y,Y,lymphoma,Hodgkin_lymphoma,,MSS/MSI-L,R,Adherent
HS-445,1322218.0,Y,Y,Y,Y,Y,lymphoma,Hodgkin_lymphoma,,MSS/MSI-L,R,Suspension
KM-H2,909976.0,Y,Y,Y,Y,Y,lymphoma,Hodgkin_lymphoma,,MSS/MSI-L,R,Suspension
L-1236,1330935.0,Y,Y,Y,Y,Y,lymphoma,Hodgkin_lymphoma,,MSS/MSI-L,R,Suspension
L-428,907322.0,Y,Y,Y,Y,Y,lymphoma,Hodgkin_lymphoma,,MSS/MSI-L,R,Suspension
L-540,907323.0,Y,Y,Y,Y,Y,lymphoma,Hodgkin_lymphoma,,MSS/MSI-L,R,Suspension
RPMI-6666,909701.0,Y,Y,Y,Y,Y,lymphoma,Hodgkin_lymphoma,,MSS/MSI-L,R,Suspension
SUP-HD1,1331039.0,Y,Y,Y,Y,Y,lymphoma,Hodgkin_lymphoma,,MSS/MSI-L,R,Suspension
KY821,907300.0,Y,Y,Y,Y,Y,leukemia,leukemia,LAML,MSS/MSI-L,R,Suspension
MV-4-11,908156.0,Y,Y,Y,Y,Y,leukemia,leukemia,,MSS/MSI-L,D/F12,Suspension
RS4-11,909703.0,Y,Y,Y,Y,Y,leukemia,leukemia,ALL,MSI-H,R,Suspension
697,906800.0,Y,Y,Y,Y,Y,leukemia,lymphoblastic_leukemia,,MSS/MSI-L,R,Suspension
ALL-PO,910944.0,Y,Y,Y,Y,Y,leukemia,lymphoblastic_leukemia,ALL,MSS/MSI-L,R,Suspension
BE-13,906763.0,Y,Y,Y,Y,Y,leukemia,lymphoblastic_leukemia,ALL,MSS/MSI-L,R,Suspension
CCRF-CEM,905952.0,Y,Y,Y,Y,Y,leukemia,lymphoblastic_leukemia,ALL,MSS/MSI-L,R,Suspension
GR-ST,906877.0,Y,Y,Y,Y,Y,leukemia,lymphoblastic_leukemia,ALL,MSI-H,R,Suspension
HAL-01,949153.0,Y,Y,Y,Y,Y,leukemia,lymphoblastic_leukemia,ALL,MSS/MSI-L,R,Suspension
KARPAS-45,907272.0,Y,Y,Y,Y,Y,leukemia,lymphoblastic_leukemia,ALL,MSS/MSI-L,R,Suspension
KE-37,907277.0,Y,Y,Y,Y,Y,leukemia,lymphoblastic_leukemia,ALL,MSS/MSI-L,R,Suspension
LC4-1,907787.0,Y,Y,Y,Y,Y,leukemia,lymphoblastic_leukemia,ALL,MSS/MSI-L,R,Suspension
MOLT-4,905958.0,Y,Y,Y,Y,Y,leukemia,lymphoblastic_leukemia,ALL,MSI-H,R,Suspension
P30-OHK,909252.0,Y,Y,Y,Y,Y,leukemia,lymphoblastic_leukemia,ALL,MSI-H,R,Suspension
SUP-B15,1247871.0,Y,Y,Y,Y,Y,leukemia,lymphoblastic_leukemia,ALL,MSS/MSI-L,D/F12,Suspension
ATN-1,910687.0,Y,Y,Y,Y,Y,leukemia,lymphoblastic_T_cell_leukaemia,ALL,MSS/MSI-L,R,Suspension
LOUCY,907789.0,Y,Y,Y,Y,Y,leukemia,lymphoblastic_T_cell_leukaemia,ALL,MSS/MSI-L,R,Suspension
MOLT-13,908146.0,Y,Y,Y,Y,Y,leukemia,lymphoblastic_T_cell_leukaemia,ALL,MSI-H,R,Suspension
MOLT-16,908147.0,Y,Y,Y,Y,Y,leukemia,lymphoblastic_T_cell_leukaemia,ALL,MSS/MSI-L,R,Suspension
P12-ICHIKAWA,909251.0,Y,Y,Y,Y,Y,leukemia,lymphoblastic_T_cell_leukaemia,ALL,MSS/MSI-L,R,Suspension
PF-382,909260.0,Y,Y,Y,Y,Y,leukemia,lymphoblastic_T_cell_leukaemia,ALL,MSS/MSI-L,R,Suspension
RPMI-8402,909702.0,Y,Y,Y,Y,Y,leukemia,lymphoblastic_T_cell_leukaemia,ALL,MSS/MSI-L,R,Suspension
SUP-T1,909743.0,Y,Y,Y,Y,Y,leukemia,lymphoblastic_T_cell_leukaemia,ALL,MSS/MSI-L,R,Suspension
DEL,906836.0,Y,Y,Y,Y,Y,lymphoma,lymphoid_neoplasm other,,MSS/MSI-L,R,Suspension
EHEB,906854.0,Y,Y,Y,Y,Y,lymphoma,lymphoid_neoplasm other,CLL,MSS/MSI-L,R,Suspension
EJM,1297447.0,Y,Y,Y,Y,Y,myeloma,lymphoid_neoplasm other,MM,MSS/MSI-L,D/F12,Semi-Adherent
H9,907043.0,Y,Y,Y,Y,Y,lymphoma,lymphoid_neoplasm other,,MSS/MSI-L,R,Suspension
JVM-2,907269.0,Y,Y,Y,Y,Y,lymphoma,lymphoid_neoplasm other,CLL,MSS/MSI-L,R,Suspension
JVM-3,907270.0,Y,Y,Y,Y,Y,lymphoma,lymphoid_neoplasm other,CLL,MSS/MSI-L,R,Suspension
SR,905965.0,Y,Y,Y,Y,Y,lymphoma,lymphoid_neoplasm other,,MSS/MSI-L,R,Suspension
WIL2-NS,1331049.0,Y,Y,Y,Y,Y,lymphoma,lymphoid_neoplasm other,,MSS/MSI-L,R,Suspension
WSU-NHL,909785.0,Y,Y,Y,Y,Y,lymphoma,lymphoid_neoplasm other,,MSI-H,R,Suspension
YT,946358.0,Y,Y,Y,Y,Y,lymphoma,lymphoid_neoplasm other,ALL,MSS/MSI-L,D/F12,Suspension
ARH-77,906765.0,Y,Y,Y,Y,Y,myeloma,myeloma,MM,MSS/MSI-L,R,Suspension
IM-9,753563.0,Y,Y,Y,Y,Y,myeloma,myeloma,MM,MSS/MSI-L,R,Suspension
KMS-12-BM,907281.0,Y,Y,Y,Y,Y,myeloma,myeloma,MM,MSS/MSI-L,R,Suspension
L-363,924239.0,Y,Y,Y,Y,Y,myeloma,myeloma,MM,MSS/MSI-L,R,Suspension
LP-1,907791.0,Y,Y,Y,Y,Y,myeloma,myeloma,MM,MSS/MSI-L,D/F12,Suspension
MM1S,1659818.0,Y,Y,Y,Y,Y,myeloma,myeloma,MM,MSS/MSI-L,R,Suspension
MOLP-8,1330950.0,Y,Y,Y,Y,Y,myeloma,myeloma,MM,MSS/MSI-L,R,Suspension
NCI-H929,724825.0,Y,Y,Y,Y,Y,myeloma,myeloma,MM,MSS/MSI-L,R,Suspension
OPM-2,909249.0,Y,Y,Y,Y,Y,myeloma,myeloma,MM,MSS/MSI-L,R,Suspension
RPMI-8226,905964.0,Y,Y,Y,Y,Y,myeloma,myeloma,MM,MSS/MSI-L,R,Suspension
SK-MM-2,753612.0,Y,Y,Y,Y,Y,myeloma,myeloma,MM,MSS/MSI-L,R,Suspension
U-266,753615.0,Y,Y,Y,Y,Y,myeloma,myeloma,MM,MSS/MSI-L,R,Semi-Adherent
ALL-SIL,1295740.0,Y,Y,Y,Y,Y,leukemia,T_cell_leukemia,ALL,MSS/MSI-L,R,Suspension
DND-41,1297446.0,Y,Y,Y,Y,Y,leukemia,T_cell_leukemia,ALL,MSI-H,R,Suspension
HH,907056.0,Y,Y,Y,Y,Y,leukemia,T_cell_leukemia,,MSS/MSI-L,R,Suspension
JURKAT,998184.0,Y,Y,Y,Y,Y,leukemia,T_cell_leukemia,ALL,MSI-H,R,Suspension
CS1,1290795.0,Y,Y,Y,Y,Y,bone,bone_other,,MSS/MSI-L,R,Adherent
SJSA-1,909717.0,Y,Y,Y,Y,Y,bone,bone_other,,MSS/MSI-L,R,Adherent
CAL-78,1290765.0,Y,Y,Y,Y,Y,bone,chondrosarcoma,,MSS/MSI-L,R,Adherent
CHSA8926,1303912.0,Y,Y,Y,Y,Y,bone,chondrosarcoma,,MSS/MSI-L,R,Adherent
H-EMC-SS,907290.0,Y,Y,Y,Y,Y,bone,chondrosarcoma,,MSS/MSI-L,D/F12,Adherent
CADO-ES1,753539.0,Y,Y,Y,Y,Y,bone,ewings_sarcoma,,MSS/MSI-L,R,Suspension
ES1,949158.0,Y,Y,Y,Y,Y,bone,ewings_sarcoma,,MSS/MSI-L,R,Adherent
ES3,684055.0,Y,Y,Y,Y,Y,bone,ewings_sarcoma,,MSS/MSI-L,R,Adherent
ES4,949156.0,Y,Y,Y,Y,Y,bone,ewings_sarcoma,,MSS/MSI-L,R,Adherent
ES5,684057.0,Y,Y,Y,Y,Y,bone,ewings_sarcoma,,MSS/MSI-L,R,Adherent
ES7,684059.0,Y,Y,Y,Y,Y,bone,ewings_sarcoma,,MSS/MSI-L,R,Adherent
ES8,949155.0,Y,Y,Y,Y,Y,bone,ewings_sarcoma,,MSS/MSI-L,R,Adherent
EW-1,949163.0,Y,Y,Y,Y,Y,bone,ewings_sarcoma,,MSS/MSI-L,R,Semi-Adherent
EW-11,684062.0,Y,Y,Y,Y,Y,bone,ewings_sarcoma,,MSS/MSI-L,R,Adherent
EW-12,949162.0,Y,Y,Y,Y,Y,bone,ewings_sarcoma,,MSS/MSI-L,R,Suspension
EW-13,949166.0,Y,Y,Y,Y,Y,bone,ewings_sarcoma,,MSS/MSI-L,R,Suspension
EW-16,949165.0,Y,Y,Y,Y,Y,bone,ewings_sarcoma,,MSS/MSI-L,R,Adherent
EW-18,949164.0,Y,Y,Y,Y,Y,bone,ewings_sarcoma,,MSS/MSI-L,R,Suspension
EW-22,949167.0,Y,Y,Y,Y,Y,bone,ewings_sarcoma,,MSS/MSI-L,R,Adherent
EW-24,949168.0,Y,Y,Y,Y,Y,bone,ewings_sarcoma,,MSS/MSI-L,R,Semi-Adherent
EW-3,949161.0,Y,Y,Y,Y,Y,bone,ewings_sarcoma,,MSS/MSI-L,R,Adherent
EW-7,949160.0,Y,Y,Y,Y,Y,bone,ewings_sarcoma,,MSS/MSI-L,R,Semi-Adherent
SK-ES-1,684072.0,Y,Y,Y,Y,Y,bone,ewings_sarcoma,,MSS/MSI-L,R,Semi-Adherent
SK-PN-DW,909731.0,Y,Y,Y,Y,Y,bone,ewings_sarcoma,,MSS/MSI-L,D/F12,Adherent
TC-71,1240221.0,Y,Y,Y,Y,Y,bone,ewings_sarcoma,,MSS/MSI-L,D/F12,Adherent
CAL-72,906827.0,Y,Y,Y,Y,Y,bone,osteosarcoma,,MSS/MSI-L,D/F12,Adherent
G-292 CLONE A141B1,1290807.0,Y,Y,Y,Y,Y,bone,osteosarcoma,,MSS/MSI-L,R,Adherent
HOS,907060.0,Y,Y,Y,Y,Y,bone,osteosarcoma,,MSS/MSI-L,D/F12,Adherent
HUO-3N1,909977.0,Y,Y,Y,Y,Y,bone,osteosarcoma,,MSS/MSI-L,R,Adherent
HUO9,907072.0,Y,Y,Y,Y,Y,bone,osteosarcoma,,MSS/MSI-L,R,Adherent
MG-63,908131.0,Y,Y,Y,Y,Y,bone,osteosarcoma,,MSS/MSI-L,D/F12,Adherent
NOS-1,925345.0,Y,Y,Y,Y,Y,bone,osteosarcoma,,MSS/MSI-L,R,Adherent
NY,910849.0,Y,Y,Y,Y,Y,bone,osteosarcoma,,MSS/MSI-L,D/F12,Adherent
SAOS-2,909707.0,Y,Y,Y,Y,Y,bone,osteosarcoma,,MSS/MSI-L,R,Adherent
U-2-OS,909776.0,Y,Y,Y,Y,Y,bone,osteosarcoma,,MSS/MSI-L,R,Adherent
AU565,910704.0,Y,Y,Y,Y,Y,breast,breast,BRCA,MSS/MSI-L,R,Adherent
BT-20,906801.0,Y,Y,Y,Y,Y,breast,breast,BRCA,MSS/MSI-L,D/F12,Adherent
BT-474,946359.0,Y,Y,Y,Y,Y,breast,breast,BRCA,MSS/MSI-L,R,Adherent
BT-483,949093.0,Y,Y,Y,Y,Y,breast,breast,BRCA,MSS/MSI-L,R,Adherent
BT-549,905951.0,Y,Y,Y,Y,Y,breast,breast,BRCA,MSS/MSI-L,R,Adherent
CAL-120,906826.0,Y,Y,Y,Y,Y,breast,breast,BRCA,MSS/MSI-L,D/F12,Adherent
CAL-148,924106.0,Y,Y,Y,Y,Y,breast,breast,BRCA,MSS/MSI-L,D/F12,Suspension
CAL-51,910927.0,Y,Y,Y,Y,Y,breast,breast,BRCA,MSS/MSI-L,D/F12,Adherent
CAL-85-1,910852.0,Y,Y,Y,Y,Y,breast,breast,BRCA,MSS/MSI-L,D/F12,Adherent
CAMA-1,946382.0,Y,Y,Y,Y,Y,breast,breast,BRCA,MSS/MSI-L,D/F12,Adherent
COLO-824,906812.0,Y,Y,Y,Y,Y,breast,breast,BRCA,MSS/MSI-L,R,Adherent
DU-4475,906844.0,Y,Y,Y,Y,Y,breast,breast,BRCA,MSS/MSI-L,R,Suspension
EFM-19,906851.0,Y,Y,Y,Y,Y,breast,breast,BRCA,MSS/MSI-L,R,Adherent
EFM-192A,1290798.0,Y,Y,Y,Y,Y,breast,breast,BRCA,MSS/MSI-L,R,Adherent
EVSA-T,906862.0,Y,Y,Y,Y,Y,breast,breast,BRCA,MSS/MSI-L,D/F12,Adherent
HCC1143,749710.0,Y,Y,Y,Y,Y,breast,breast,BRCA,MSS/MSI-L,R,Adherent
HCC1187,749711.0,Y,Y,Y,Y,Y,breast,breast,BRCA,MSS/MSI-L,R,Suspension
HCC1395,749712.0,Y,Y,Y,Y,Y,breast,breast,BRCA,MSS/MSI-L,R,Adherent
HCC1419,907045.0,Y,Y,Y,Y,Y,breast,breast,BRCA,MSS/MSI-L,R,Adherent
HCC1428,1290905.0,Y,Y,Y,Y,Y,breast,breast,BRCA,MSS/MSI-L,R,Adherent
HCC1500,1303900.0,Y,Y,Y,Y,Y,breast,breast,BRCA,MSS/MSI-L,R,Adherent
HCC1569,907046.0,Y,Y,Y,Y,Y,breast,breast,BRCA,MSI-H,R,Adherent
HCC1599,749713.0,Y,Y,Y,Y,Y,breast,breast,BRCA,MSS/MSI-L,R,Suspension
HCC1806,907047.0,Y,Y,Y,Y,Y,breast,breast,,MSS/MSI-L,R,Adherent
HCC1937,749714.0,Y,Y,Y,Y,Y,breast,breast,BRCA,MSS/MSI-L,R,Adherent
HCC1954,749709.0,Y,Y,Y,Y,Y,breast,breast,BRCA,MSS/MSI-L,R,Adherent
HCC202,1290906.0,Y,Y,Y,Y,Y,breast,breast,BRCA,MSS/MSI-L,R,Adherent
HCC2157,749715.0,Y,Y,Y,Y,Y,breast,breast,BRCA,MSS/MSI-L,D/F12,Suspension
HCC2218,749716.0,Y,Y,Y,Y,Y,breast,breast,BRCA,MSS/MSI-L,R,Suspension
HCC38,749717.0,Y,Y,Y,Y,Y,breast,breast,BRCA,MSS/MSI-L,R,Adherent
HCC70,907048.0,Y,Y,Y,Y,Y,breast,breast,BRCA,MSS/MSI-L,R,Adherent
HDQ-P1,1290922.0,Y,Y,Y,Y,Y,breast,breast,BRCA,MSS/MSI-L,D/F12,Adherent
HS-578-T,905957.0,Y,Y,Y,Y,Y,breast,breast,BRCA,MSS/MSI-L,D/F12,Adherent
MCF7,905946.0,Y,Y,Y,Y,Y,breast,breast,BRCA,MSS/MSI-L,D/F12,Adherent
MDA-MB-157,925338.0,Y,Y,Y,Y,Y,breast,breast,BRCA,MSS/MSI-L,D/F12,Adherent
MDA-MB-231,905960.0,Y,Y,Y,Y,Y,breast,breast,BRCA,MSS/MSI-L,D/F12,Adherent
MDA-MB-330,1330941.0,Y,Y,Y,Y,Y,breast,breast,BRCA,MSS/MSI-L,D/F12,Adherent
MDA-MB-361,908121.0,Y,Y,Y,Y,Y,breast,breast,BRCA,MSS/MSI-L,D/F12,Adherent
MDA-MB-415,924240.0,Y,Y,Y,Y,Y,breast,breast,BRCA,MSS/MSI-L,D/F12,Adherent
MDA-MB-436,1240172.0,Y,Y,Y,Y,Y,breast,breast,BRCA,MSS/MSI-L,D/F12,Adherent
MDA-MB-453,908122.0,Y,Y,Y,Y,Y,breast,breast,BRCA,MSS/MSI-L,D/F12,Adherent
MDA-MB-468,908123.0,Y,Y,Y,Y,Y,breast,breast,BRCA,MSS/MSI-L,D/F12,Adherent
MFM-223,910948.0,Y,Y,Y,Y,Y,breast,breast,BRCA,MSS/MSI-L,D/F12,Adherent
MRK-NU-1,908151.0,Y,Y,Y,Y,Y,breast,breast,BRCA,MSS/MSI-L,D/F12,Suspension
OCUB-M,909256.0,Y,Y,Y,Y,Y,breast,breast,BRCA,MSS/MSI-L,D/F12,Adherent
T47D,905945.0,Y,Y,Y,Y,Y,breast,breast,BRCA,MSS/MSI-L,R,Adherent
UACC-812,910910.0,Y,Y,Y,Y,Y,breast,breast,BRCA,MSS/MSI-L,D/F12,Adherent
UACC-893,909778.0,Y,Y,Y,Y,Y,breast,breast,BRCA,MSS/MSI-L,D/F12,Adherent
ZR-75-30,909907.0,Y,Y,Y,Y,Y,breast,breast,BRCA,MSS/MSI-L,R,Adherent
EGI-1,906853.0,Y,Y,Y,Y,Y,digestive_system,biliary_tract,,MSS/MSI-L,D/F12,Adherent
ETK-1,906861.0,Y,Y,Y,Y,Y,digestive_system,biliary_tract,,MSS/MSI-L,R,Adherent
HUCCT1,907069.0,Y,Y,Y,Y,Y,digestive_system,biliary_tract,,MSS/MSI-L,R,Adherent
TGBC1TKB,909769.0,Y,Y,Y,Y,Y,digestive_system,biliary_tract,,MSS/MSI-L,D/F12,Adherent
TGBC24TKB,910695.0,Y,Y,Y,Y,Y,digestive_system,biliary_tract,,MSS/MSI-L,D/F12,Adherent
HUTU-80,907073.0,Y,Y,Y,Y,Y,digestive_system,digestive_system_other,,MSS/MSI-L,D/F12,Adherent
C2BBE1,910700.0,Y,Y,Y,Y,Y,large_intestine,large_intestine,COAD/READ,MSS/MSI-L,D/F12,Adherent
CAR-1,924108.0,Y,Y,Y,Y,Y,large_intestine,large_intestine,COAD/READ,MSS/MSI-L,D/F12,Adherent
CCK-81,1240123.0,Y,Y,Y,Y,Y,large_intestine,large_intestine,COAD/READ,MSI-H,R,Adherent
CL-11,1290769.0,Y,Y,Y,Y,Y,large_intestine,large_intestine,COAD/READ,MSS/MSI-L,D/F12,Adherent
CL-40,1240124.0,Y,Y,Y,Y,Y,large_intestine,large_intestine,COAD/READ,MSS/MSI-L,D/F12,Adherent
COLO-205,905961.0,Y,Y,Y,Y,Y,large_intestine,large_intestine,COAD/READ,MSS/MSI-L,R,Suspension
COLO-320-HSR,910569.0,Y,Y,Y,Y,Y,large_intestine,large_intestine,COAD/READ,MSS/MSI-L,R,Suspension
COLO-678,910689.0,Y,Y,Y,Y,Y,large_intestine,large_intestine,COAD/READ,MSS/MSI-L,R,Semi-Adherent
CW-2,910554.0,Y,Y,Y,Y,Y,large_intestine,large_intestine,COAD/READ,MSI-H,R,Adherent
GP5D,907291.0,Y,Y,Y,Y,Y,large_intestine,large_intestine,COAD/READ,MSI-H,D/F12,Adherent
HCC2998,905971.0,Y,Y,Y,Y,Y,large_intestine,large_intestine,COAD/READ,MSS/MSI-L,R,Adherent
HCC-56,1290907.0,Y,Y,Y,Y,Y,large_intestine,large_intestine,COAD/READ,MSS/MSI-L,R,Adherent
HCT-116,905936.0,Y,Y,Y,Y,Y,large_intestine,large_intestine,COAD/READ,MSI-H,R,Adherent
HCT-15,905937.0,Y,Y,Y,Y,Y,large_intestine,large_intestine,COAD/READ,MSI-H,R,Adherent
HT-115,907289.0,Y,Y,Y,Y,Y,large_intestine,large_intestine,COAD/READ,MSS/MSI-L,D/F12,Adherent
HT-29,905939.0,Y,Y,Y,Y,Y,large_intestine,large_intestine,COAD/READ,MSS/MSI-L,R,Adherent
HT55,907287.0,Y,Y,Y,Y,Y,large_intestine,large_intestine,COAD/READ,MSS/MSI-L,D/F12,Adherent
KM12,905989.0,Y,Y,Y,Y,Y,large_intestine,large_intestine,COAD/READ,MSI-H,R,Adherent
LOVO,907790.0,Y,Y,Y,Y,Y,large_intestine,large_intestine,COAD/READ,MSI-H,D/F12,Adherent
LS-1034,917486.0,Y,Y,Y,Y,Y,large_intestine,large_intestine,COAD/READ,MSS/MSI-L,R,Adherent
LS-123,907792.0,Y,Y,Y,Y,Y,large_intestine,large_intestine,COAD/READ,MSS/MSI-L,D/F12,Adherent
LS-180,998189.0,Y,Y,Y,Y,Y,large_intestine,large_intestine,COAD/READ,MSI-H,D/F12,Adherent
LS-411N,907794.0,Y,Y,Y,Y,Y,large_intestine,large_intestine,COAD/READ,MSI-H,R,Adherent
LS-513,907795.0,Y,Y,Y,Y,Y,large_intestine,large_intestine,COAD/READ,MSS/MSI-L,R,Adherent
MDST8,1240173.0,Y,Y,Y,Y,Y,large_intestine,large_intestine,COAD/READ,MSS/MSI-L,R,Adherent
NCI-H630,908482.0,Y,Y,Y,Y,Y,large_intestine,large_intestine,COAD/READ,MSI-H,D/F12,Adherent
NCI-H716,908458.0,Y,Y,Y,Y,Y,large_intestine,large_intestine,COAD/READ,MSS/MSI-L,R,Suspension
NCI-H747,908457.0,Y,Y,Y,Y,Y,large_intestine,large_intestine,COAD/READ,MSS/MSI-L,R,Adherent
RCM-1,909263.0,Y,Y,Y,Y,Y,large_intestine,large_intestine,COAD/READ,MSS/MSI-L,R,Adherent
RKO,909698.0,Y,Y,Y,Y,Y,large_intestine,large_intestine,COAD/READ,MSI-H,D/F12,Adherent
SK-CO-1,909718.0,Y,Y,Y,Y,Y,large_intestine,large_intestine,COAD/READ,MSS/MSI-L,R,Adherent
SNU-1040,1659823.0,Y,Y,Y,Y,Y,large_intestine,large_intestine,COAD/READ,MSS/MSI-L,R,Adherent
SNU-175,1659928.0,Y,Y,Y,Y,Y,large_intestine,large_intestine,COAD/READ,MSI-H,R,Suspension
SNU-407,1660034.0,Y,Y,Y,Y,Y,large_intestine,large_intestine,COAD/READ,MSI-H,R,Adherent
SNU-61,1660035.0,Y,Y,Y,Y,Y,large_intestine,large_intestine,COAD/READ,MSS/MSI-L,R,Adherent
SNU-81,1660036.0,Y,Y,Y,Y,Y,large_intestine,large_intestine,COAD/READ,MSS/MSI-L,R,Adherent
SNU-C1,910905.0,Y,Y,Y,Y,Y,large_intestine,large_intestine,COAD/READ,MSS/MSI-L,R,Suspension
SNU-C2B,909740.0,Y,Y,Y,Y,Y,large_intestine,large_intestine,COAD/READ,MSI-H,R,Adherent
SNU-C5,1674021.0,Y,Y,Y,Y,Y,large_intestine,large_intestine,COAD/READ,MSI-H,R,Adherent
SW1116,909746.0,Y,Y,Y,Y,Y,large_intestine,large_intestine,COAD/READ,MSS/MSI-L,D/F12,Adherent
SW1417,909747.0,Y,Y,Y,Y,Y,large_intestine,large_intestine,COAD/READ,MSS/MSI-L,D/F12,Adherent
SW1463,909748.0,Y,Y,Y,Y,Y,large_intestine,large_intestine,COAD/READ,MSS/MSI-L,D/F12,Adherent
SW48,909751.0,Y,Y,Y,Y,Y,large_intestine,large_intestine,COAD/READ,MSI-H,D/F12,Adherent
SW837,909755.0,Y,Y,Y,Y,Y,large_intestine,large_intestine,COAD/READ,MSS/MSI-L,D/F12,Adherent
SW948,909757.0,Y,Y,Y,Y,Y,large_intestine,large_intestine,COAD/READ,MSS/MSI-L,D/F12,Adherent
T84,909761.0,Y,Y,Y,Y,Y,large_intestine,large_intestine,COAD/READ,MSS/MSI-L,D/F12,Adherent
C3A,910850.0,Y,Y,Y,Y,Y,digestive_system,liver,LIHC,MSS/MSI-L,D/F12,Adherent
HEP 3B2_1-7,1240147.0,Y,Y,Y,Y,Y,digestive_system,liver,LIHC,MSS/MSI-L,D/F12,Adherent
HLE,907057.0,Y,Y,Y,Y,Y,digestive_system,liver,LIHC,MSS/MSI-L,D/F12,Adherent
HUH-1,1298146.0,Y,Y,Y,Y,Y,digestive_system,liver,LIHC,MSS/MSI-L,D/F12,Adherent
HUH-7,907071.0,Y,Y,Y,Y,Y,digestive_system,liver,LIHC,MSS/MSI-L,D/F12,Adherent
JHH-1,1298151.0,Y,Y,Y,Y,Y,digestive_system,liver,LIHC,MSS/MSI-L,D/F12,Adherent
JHH-6,1240159.0,Y,Y,Y,Y,Y,digestive_system,liver,LIHC,MSS/MSI-L,D/F12,Adherent
JHH-7,1240160.0,Y,Y,Y,Y,Y,digestive_system,liver,LIHC,MSS/MSI-L,D/F12,Adherent
SK-HEP-1,909719.0,Y,Y,Y,Y,Y,digestive_system,liver,LIHC,MSS/MSI-L,D/F12,Adherent
SNU-182,1240216.0,Y,Y,Y,Y,Y,digestive_system,liver,LIHC,MSS/MSI-L,R,Adherent
SNU-387,909736.0,Y,Y,Y,Y,Y,digestive_system,liver,LIHC,MSS/MSI-L,R,Adherent
SNU-398,1240217.0,Y,Y,Y,Y,Y,digestive_system,liver,LIHC,MSS/MSI-L,R,Adherent
SNU-423,909737.0,Y,Y,Y,Y,Y,digestive_system,liver,LIHC,MSS/MSI-L,R,Adherent
SNU-449,909738.0,Y,Y,Y,Y,Y,digestive_system,liver,LIHC,MSS/MSI-L,R,Adherent
SNU-475,909739.0,Y,Y,Y,Y,Y,digestive_system,liver,LIHC,MSS/MSI-L,R,Adherent
23132-87,910924.0,Y,Y,Y,Y,Y,digestive_system,stomach,STAD,MSI-H,R,Adherent
AGS,906790.0,Y,Y,Y,Y,Y,digestive_system,stomach,STAD,MSS/MSI-L,D/F12,Adherent
ECC10,906848.0,Y,Y,Y,Y,Y,digestive_system,stomach,,MSS/MSI-L,R,Suspension
ECC12,906849.0,Y,Y,Y,Y,Y,digestive_system,stomach,,MSS/MSI-L,R,Suspension
FU97,1290806.0,Y,Y,Y,Y,Y,digestive_system,stomach,STAD,MSS/MSI-L,D/F12,Adherent
GCIY,906869.0,Y,Y,Y,Y,Y,digestive_system,stomach,STAD,MSS/MSI-L,D/F12,Adherent
GT3TKB,907041.0,Y,Y,Y,Y,Y,digestive_system,stomach,STAD,MSS/MSI-L,D/F12,Adherent
HGC-27,907055.0,Y,Y,Y,Y,Y,digestive_system,stomach,STAD,MSS/MSI-L,D/F12,Adherent
HS746T,1240151.0,Y,Y,Y,Y,Y,digestive_system,stomach,STAD,MSS/MSI-L,D/F12,Adherent
HSC-39,1322224.0,Y,Y,Y,Y,Y,digestive_system,stomach,STAD,MSS/MSI-L,D/F12,Suspension
IM-95,1240155.0,Y,Y,Y,Y,Y,digestive_system,stomach,STAD,MSS/MSI-L,R,Adherent
KATOIII,907276.0,Y,Y,Y,Y,Y,digestive_system,stomach,STAD,MSS/MSI-L,D/F12,Semi-Adherent
MKN1,908138.0,Y,Y,Y,Y,Y,digestive_system,stomach,,MSS/MSI-L,R,Adherent
MKN28,908139.0,Y,Y,Y,Y,Y,digestive_system,stomach,STAD,MSS/MSI-L,R,Adherent
MKN45,925340.0,Y,Y,Y,Y,Y,digestive_system,stomach,STAD,MSS/MSI-L,R,Adherent
MKN7,924250.0,Y,Y,Y,Y,Y,digestive_system,stomach,STAD,MSS/MSI-L,R,Adherent
NCI-N87,908461.0,Y,Y,Y,Y,Y,digestive_system,stomach,STAD,MSS/MSI-L,R,Adherent
NCI-SNU-1,908444.0,Y,Y,Y,Y,Y,digestive_system,stomach,STAD,MSI-H,R,Suspension
NCI-SNU-16,908446.0,Y,Y,Y,Y,Y,digestive_system,stomach,STAD,MSS/MSI-L,R,Suspension
NCI-SNU-5,908445.0,Y,Y,Y,Y,Y,digestive_system,stomach,STAD,MSS/MSI-L,D/F12,Suspension
NUGC-3,908455.0,Y,Y,Y,Y,Y,digestive_system,stomach,STAD,MSI-H,R,Adherent
NUGC-4,1298357.0,Y,Y,Y,Y,Y,digestive_system,stomach,STAD,MSS/MSI-L,R,Adherent
OCUM-1,1298358.0,Y,Y,Y,Y,Y,digestive_system,stomach,STAD,MSS/MSI-L,D/F12,Adherent
RERF-GC-1B,1240209.0,Y,Y,Y,Y,Y,digestive_system,stomach,STAD,MSS/MSI-L,R,Adherent
RF-48,909697.0,Y,Y,Y,Y,Y,digestive_system,stomach,STAD,MSS/MSI-L,D/F12,Adherent
SCH,909711.0,Y,Y,Y,Y,Y,digestive_system,stomach,,MSS/MSI-L,R,Adherent
SK-GT-2,1503364.0,Y,Y,Y,Y,Y,digestive_system,stomach,STAD,MSS/MSI-L,R,Adherent
TGBC11TKB,909770.0,Y,Y,Y,Y,Y,digestive_system,stomach,STAD,MSI-H,D/F12,Adherent
SW13,909744.0,Y,Y,Y,Y,Y,kidney,adrenal_gland,ACC,MSS/MSI-L,D/F12,Adherent
769-P,910922.0,Y,Y,Y,Y,Y,kidney,kidney,KIRC,MSS/MSI-L,R,Adherent
786-0,905947.0,Y,Y,Y,Y,Y,kidney,kidney,KIRC,MSS/MSI-L,R,Adherent
A498,905948.0,Y,Y,Y,Y,Y,kidney,kidney,KIRC,MSS/MSI-L,D/F12,Adherent
A704,910920.0,Y,Y,Y,Y,Y,kidney,kidney,KIRC,MSS/MSI-L,D/F12,Adherent
ACHN,905950.0,Y,Y,Y,Y,Y,kidney,kidney,KIRC,MSS/MSI-L,R,Adherent
BB65-RCC,753533.0,Y,Y,Y,Y,Y,kidney,kidney,KIRC,MSS/MSI-L,D/F12,Adherent
BFTC-909,910698.0,Y,Y,Y,Y,Y,kidney,kidney,KIRC,MSS/MSI-L,D/F12,Adherent
CAKI-1,905963.0,Y,Y,Y,Y,Y,kidney,kidney,KIRC,MSS/MSI-L,R,Adherent
CAL-54,910952.0,Y,Y,Y,Y,Y,kidney,kidney,KIRC,MSS/MSI-L,D/F12,Adherent
G-401,907299.0,Y,Y,Y,Y,Y,kidney,kidney,,MSS/MSI-L,R,Adherent
HA7-RCC,753558.0,Y,Y,Y,Y,Y,kidney,kidney,KIRC,MSS/MSI-L,D/F12,Adherent
KMRC-1,1298168.0,Y,Y,Y,Y,Y,kidney,kidney,KIRC,MSS/MSI-L,D/F12,Adherent
KMRC-20,1298169.0,Y,Y,Y,Y,Y,kidney,kidney,KIRC,MSS/MSI-L,D/F12,Adherent
LB1047-RCC,753577.0,Y,Y,Y,Y,Y,kidney,kidney,KIRC,MSI-H,D/F12,Adherent
LB2241-RCC,753578.0,Y,Y,Y,Y,Y,kidney,kidney,KIRC,MSS/MSI-L,D/F12,Adherent
LB996-RCC,753585.0,Y,Y,Y,Y,Y,kidney,kidney,KIRC,MSS/MSI-L,D/F12,Adherent
NCC010,1509073.0,Y,Y,Y,Y,Y,kidney,kidney,KIRC,MSS/MSI-L,R,Adherent
NCC021,1509074.0,Y,Y,Y,Y,Y,kidney,kidney,KIRC,MSS/MSI-L,D/F12,Adherent
OS-RC-2,909250.0,Y,Y,Y,Y,Y,kidney,kidney,KIRC,MSS/MSI-L,R,Adherent
RCC10RGB,909974.0,Y,Y,Y,Y,Y,kidney,kidney,KIRC,MSS/MSI-L,D/F12,Adherent
RCC-AB,1524418.0,Y,Y,Y,Y,Y,kidney,kidney,KIRC,MSS/MSI-L,D/F12,Adherent
RCC-ER,1524417.0,Y,Y,Y,Y,Y,kidney,kidney,KIRC,MSS/MSI-L,D/F12,Adherent
RCC-FG2,1524414.0,Y,Y,Y,Y,Y,kidney,kidney,KIRC,MSS/MSI-L,D/F12,Adherent
RCC-JW,1524416.0,Y,Y,Y,Y,Y,kidney,kidney,KIRC,MSS/MSI-L,D/F12,Adherent
RCC-MF,1524419.0,Y,Y,Y,Y,Y,kidney,kidney,KIRC,MSS/MSI-L,D/F12,Adherent
RXF393,905978.0,Y,Y,Y,Y,Y,kidney,kidney,KIRC,MSS/MSI-L,R,Adherent
SN12C,905979.0,Y,Y,Y,Y,Y,kidney,kidney,KIRC,MSS/MSI-L,D/F12,Adherent
TK10,905980.0,Y,Y,Y,Y,Y,kidney,kidney,KIRC,MSS/MSI-L,R,Adherent
U031,905981.0,Y,Y,Y,Y,Y,kidney,kidney,KIRC,MSS/MSI-L,R,Adherent
VMRC-RCZ,909781.0,Y,Y,Y,Y,Y,kidney,kidney,KIRC,MSS/MSI-L,D/F12,Adherent
201T,1287381.0,Y,Y,Y,Y,Y,lung_NSCLC,lung_NSCLC_adenocarcinoma,LUAD,MSS/MSI-L,R,Adherent
A549,905949.0,Y,Y,Y,Y,Y,lung_NSCLC,lung_NSCLC_adenocarcinoma,LUAD,MSS/MSI-L,D/F12,Adherent
ABC-1,906791.0,Y,Y,Y,Y,Y,lung_NSCLC,lung_NSCLC_adenocarcinoma,LUAD,MSS/MSI-L,D/F12,Adherent
CALU-3,687777.0,Y,Y,Y,Y,Y,lung_NSCLC,lung_NSCLC_adenocarcinoma,LUAD,MSS/MSI-L,D/F12,Adherent
CALU-6,724859.0,Y,Y,Y,Y,Y,lung_NSCLC,lung_NSCLC_adenocarcinoma,LUAD,MSS/MSI-L,D/F12,Adherent
COR-L105,906805.0,Y,Y,Y,Y,Y,lung_NSCLC,lung_NSCLC_adenocarcinoma,LUAD,MSS/MSI-L,R,Adherent
EKVX,905970.0,Y,Y,Y,Y,Y,lung_NSCLC,lung_NSCLC_adenocarcinoma,LUAD,MSS/MSI-L,D/F12,Adherent
EMC-BAC-1,1503369.0,Y,Y,Y,Y,Y,lung_NSCLC,lung_NSCLC_adenocarcinoma,LUAD,MSS/MSI-L,R,Adherent
EMC-BAC-2,1503370.0,Y,Y,Y,Y,Y,lung_NSCLC,lung_NSCLC_adenocarcinoma,LUAD,MSS/MSI-L,R,Adherent
H3255,1247873.0,Y,Y,Y,Y,Y,lung_NSCLC,lung_NSCLC_adenocarcinoma,LUAD,MSS/MSI-L,R,Adherent
HCC-44,1240145.0,Y,Y,Y,Y,Y,lung_NSCLC,lung_NSCLC_adenocarcinoma,LUAD,MSS/MSI-L,R,Adherent
HCC-78,1290908.0,Y,Y,Y,Y,Y,lung_NSCLC,lung_NSCLC_adenocarcinoma,LUAD,MSS/MSI-L,R,Adherent
HCC-827,1240146.0,Y,Y,Y,Y,Y,lung_NSCLC,lung_NSCLC_adenocarcinoma,LUAD,MSS/MSI-L,R,Adherent
LC-2-AD,907786.0,Y,Y,Y,Y,Y,lung_NSCLC,lung_NSCLC_adenocarcinoma,LUAD,MSS/MSI-L,R,Adherent
LXF-289,753592.0,Y,Y,Y,Y,Y,lung_NSCLC,lung_NSCLC_adenocarcinoma,LUAD,MSS/MSI-L,D/F12,Adherent
NCI-H1355,724866.0,Y,Y,Y,Y,Y,lung_NSCLC,lung_NSCLC_adenocarcinoma,LUAD,MSS/MSI-L,D/F12,Adherent
NCI-H1395,684681.0,Y,Y,Y,Y,Y,lung_NSCLC,lung_NSCLC_adenocarcinoma,LUAD,MSS/MSI-L,R,Adherent
NCI-H1435,1298347.0,Y,Y,Y,Y,Y,lung_NSCLC,lung_NSCLC_adenocarcinoma,LUAD,MSS/MSI-L,D/F12,Semi-Adherent
NCI-H1563,753600.0,Y,Y,Y,Y,Y,lung_NSCLC,lung_NSCLC_adenocarcinoma,LUAD,MSS/MSI-L,R,Adherent
NCI-H1568,1298348.0,Y,Y,Y,Y,Y,lung_NSCLC,lung_NSCLC_adenocarcinoma,LUAD,MSS/MSI-L,R,Adherent
NCI-H1573,908472.0,Y,Y,Y,Y,Y,lung_NSCLC,lung_NSCLC_adenocarcinoma,LUAD,MSS/MSI-L,D/F12,Adherent
NCI-H1623,687798.0,Y,Y,Y,Y,Y,lung_NSCLC,lung_NSCLC_adenocarcinoma,LUAD,MSS/MSI-L,D/F12,Adherent
NCI-H1648,687799.0,Y,Y,Y,Y,Y,lung_NSCLC,lung_NSCLC_adenocarcinoma,LUAD,MSS/MSI-L,D/F12,Adherent
NCI-H1650,687800.0,Y,Y,Y,Y,Y,lung_NSCLC,lung_NSCLC_adenocarcinoma,LUAD,MSS/MSI-L,R,Adherent
NCI-H1651,910900.0,Y,Y,Y,Y,Y,lung_NSCLC,lung_NSCLC_adenocarcinoma,LUAD,MSS/MSI-L,D/F12,Adherent
NCI-H1666,908473.0,Y,Y,Y,Y,Y,lung_NSCLC,lung_NSCLC_adenocarcinoma,LUAD,MSS/MSI-L,D/F12,Semi-Adherent
NCI-H1693,687802.0,Y,Y,Y,Y,Y,lung_NSCLC,lung_NSCLC_adenocarcinoma,LUAD,MSS/MSI-L,R,Adherent
NCI-H1703,908474.0,Y,Y,Y,Y,Y,lung_NSCLC,lung_NSCLC_adenocarcinoma,,MSS/MSI-L,R,Adherent
NCI-H1734,722058.0,Y,Y,Y,Y,Y,lung_NSCLC,lung_NSCLC_adenocarcinoma,LUAD,MSS/MSI-L,R,Adherent
NCI-H1755,908475.0,Y,Y,Y,Y,Y,lung_NSCLC,lung_NSCLC_adenocarcinoma,LUAD,MSS/MSI-L,R,Adherent
NCI-H1781,1298350.0,Y,Y,Y,Y,Y,lung_NSCLC,lung_NSCLC_adenocarcinoma,LUAD,MSS/MSI-L,R,Adherent
NCI-H1792,724868.0,Y,Y,Y,Y,Y,lung_NSCLC,lung_NSCLC_adenocarcinoma,LUAD,MSS/MSI-L,R,Adherent
NCI-H1793,908463.0,Y,Y,Y,Y,Y,lung_NSCLC,lung_NSCLC_adenocarcinoma,LUAD,MSS/MSI-L,D/F12,Adherent
NCI-H1838,687807.0,Y,Y,Y,Y,Y,lung_NSCLC,lung_NSCLC_adenocarcinoma,LUAD,MSS/MSI-L,R,Adherent
NCI-H1944,1240185.0,Y,Y,Y,Y,Y,lung_NSCLC,lung_NSCLC_adenocarcinoma,LUAD,MSS/MSI-L,D/F12,Adherent
NCI-H1975,924244.0,Y,Y,Y,Y,Y,lung_NSCLC,lung_NSCLC_adenocarcinoma,LUAD,MSS/MSI-L,R,Adherent
NCI-H1993,908476.0,Y,Y,Y,Y,Y,lung_NSCLC,lung_NSCLC_adenocarcinoma,LUAD,MSS/MSI-L,R,Adherent
NCI-H2009,724873.0,Y,Y,Y,Y,Y,lung_NSCLC,lung_NSCLC_adenocarcinoma,LUAD,MSS/MSI-L,D/F12,Adherent
NCI-H2023,1240187.0,Y,Y,Y,Y,Y,lung_NSCLC,lung_NSCLC_adenocarcinoma,LUAD,MSS/MSI-L,R,Adherent
NCI-H2030,722045.0,Y,Y,Y,Y,Y,lung_NSCLC,lung_NSCLC_adenocarcinoma,LUAD,MSS/MSI-L,R,Adherent
NCI-H2085,687812.0,Y,Y,Y,Y,Y,lung_NSCLC,lung_NSCLC_adenocarcinoma,LUAD,MSS/MSI-L,D/F12,Adherent
NCI-H2087,724834.0,Y,Y,Y,Y,Y,lung_NSCLC,lung_NSCLC_adenocarcinoma,LUAD,MSS/MSI-L,D/F12,Semi-Adherent
NCI-H2122,722046.0,Y,Y,Y,Y,Y,lung_NSCLC,lung_NSCLC_adenocarcinoma,LUAD,MSS/MSI-L,R,Adherent
NCI-H2228,687816.0,Y,Y,Y,Y,Y,lung_NSCLC,lung_NSCLC_adenocarcinoma,LUAD,MSS/MSI-L,R,Adherent
NCI-H2291,724874.0,Y,Y,Y,Y,Y,lung_NSCLC,lung_NSCLC_adenocarcinoma,LUAD,MSS/MSI-L,R,Adherent
NCI-H23,905942.0,Y,Y,Y,Y,Y,lung_NSCLC,lung_NSCLC_adenocarcinoma,LUAD,MSS/MSI-L,R,Adherent
NCI-H2342,687819.0,Y,Y,Y,Y,Y,lung_NSCLC,lung_NSCLC_adenocarcinoma,LUAD,MSS/MSI-L,D/F12,Adherent
NCI-H2347,687820.0,Y,Y,Y,Y,Y,lung_NSCLC,lung_NSCLC_adenocarcinoma,LUAD,MSS/MSI-L,R,Adherent
NCI-H2405,687821.0,Y,Y,Y,Y,Y,lung_NSCLC,lung_NSCLC_adenocarcinoma,LUAD,MSS/MSI-L,D/F12,Adherent
NCI-H292,753604.0,Y,Y,Y,Y,Y,lung_NSCLC,lung_NSCLC_adenocarcinoma,,MSS/MSI-L,R,Adherent
NCI-H3122,1240190.0,Y,Y,Y,Y,Y,lung_NSCLC,lung_NSCLC_adenocarcinoma,LUAD,MSS/MSI-L,R,Adherent
NCI-H322M,905967.0,Y,Y,Y,Y,Y,lung_NSCLC,lung_NSCLC_adenocarcinoma,LUAD,MSS/MSI-L,R,Suspension
NCI-H358,908465.0,Y,Y,Y,Y,Y,lung_NSCLC,lung_NSCLC_adenocarcinoma,LUAD,MSS/MSI-L,R,Adherent
NCI-H441,908460.0,Y,Y,Y,Y,Y,lung_NSCLC,lung_NSCLC_adenocarcinoma,LUAD,MSS/MSI-L,R,Adherent
NCI-H522,905944.0,Y,Y,Y,Y,Y,lung_NSCLC,lung_NSCLC_adenocarcinoma,LUAD,MSS/MSI-L,R,Adherent
NCI-H596,908459.0,Y,Y,Y,Y,Y,lung_NSCLC,lung_NSCLC_adenocarcinoma,,MSS/MSI-L,R,Adherent
NCI-H650,722066.0,Y,Y,Y,Y,Y,lung_NSCLC,lung_NSCLC_adenocarcinoma,LUAD,MSS/MSI-L,D/F12,Adherent
NCI-H838,910399.0,Y,Y,Y,Y,Y,lung_NSCLC,lung_NSCLC_adenocarcinoma,LUAD,MSS/MSI-L,R,Adherent
PC-14,753608.0,Y,Y,Y,Y,Y,lung_NSCLC,lung_NSCLC_adenocarcinoma,LUAD,MSS/MSI-L,R,Adherent
RERF-LC-KJ,1298537.0,Y,Y,Y,Y,Y,lung_NSCLC,lung_NSCLC_adenocarcinoma,LUAD,MSS/MSI-L,R,Adherent
RERF-LC-MS,910931.0,Y,Y,Y,Y,Y,lung_NSCLC,lung_NSCLC_adenocarcinoma,LUAD,MSS/MSI-L,D/F12,Adherent
SK-LU-1,909721.0,Y,Y,Y,Y,Y,lung_NSCLC,lung_NSCLC_adenocarcinoma,LUAD,MSS/MSI-L,D/F12,Adherent
SW1573,724878.0,Y,Y,Y,Y,Y,lung_NSCLC,lung_NSCLC_adenocarcinoma,LUAD,MSS/MSI-L,D/F12,Adherent
NCI-H720,687600.0,Y,Y,Y,Y,Y,lung_NSCLC,lung_NSCLC_carcinoid,,MSS/MSI-L,D/F12,Suspension
NCI-H727,724855.0,Y,Y,Y,Y,Y,lung_NSCLC,lung_NSCLC_carcinoid,,MSS/MSI-L,R,Adherent
NCI-H835,753607.0,Y,Y,Y,Y,Y,lung_NSCLC,lung_NSCLC_carcinoid,,MSS/MSI-L,R,Suspension
UMC-11,909779.0,Y,Y,Y,Y,Y,lung_NSCLC,lung_NSCLC_carcinoid,,MSS/MSI-L,D/F12,Adherent
COR-L23,687780.0,Y,Y,Y,Y,Y,lung_NSCLC,lung_NSCLC_large cell,,MSS/MSI-L,R,Adherent
HOP-92,905973.0,Y,Y,Y,Y,Y,lung_NSCLC,lung_NSCLC_large cell,,MSS/MSI-L,D/F12,Adherent
IA-LM,910779.0,Y,Y,Y,Y,Y,lung_NSCLC,lung_NSCLC_large cell,,MSS/MSI-L,D/F12,Adherent
LCLC-103H,753586.0,Y,Y,Y,Y,Y,lung_NSCLC,lung_NSCLC_large cell,,MSS/MSI-L,R,Adherent
LCLC-97TM1,946361.0,Y,Y,Y,Y,Y,lung_NSCLC,lung_NSCLC_large cell,,MSS/MSI-L,R,Adherent
LU-65,724863.0,Y,Y,Y,Y,Y,lung_NSCLC,lung_NSCLC_large cell,,MSS/MSI-L,R,Suspension
LU-99A,907796.0,Y,Y,Y,Y,Y,lung_NSCLC,lung_NSCLC_large cell,,MSS/MSI-L,R,Adherent
NCI-H1155,908467.0,Y,Y,Y,Y,Y,lung_NSCLC,lung_NSCLC_large cell,,MSS/MSI-L,D/F12,Suspension
NCI-H1299,724831.0,Y,Y,Y,Y,Y,lung_NSCLC,lung_NSCLC_large cell,,MSS/MSI-L,R,Adherent
NCI-H1581,908471.0,Y,Y,Y,Y,Y,lung_NSCLC,lung_NSCLC_large cell,,MSS/MSI-L,D/F12,Semi-Adherent
NCI-H1915,1240184.0,Y,Y,Y,Y,Y,lung_NSCLC,lung_NSCLC_large cell,,MSS/MSI-L,R,Adherent
NCI-H661,687829.0,Y,Y,Y,Y,Y,lung_NSCLC,lung_NSCLC_large cell,,MSS/MSI-L,R,Adherent
NCI-H810,925341.0,Y,Y,Y,Y,Y,lung_NSCLC,lung_NSCLC_large cell,,MSS/MSI-L,D/F12,Adherent
A427,910851.0,Y,Y,Y,Y,Y,lung_NSCLC,lung_NSCLC_not specified,UNABLE TO CLASSIFY,MSS/MSI-L,D/F12,Adherent
BEN,753534.0,Y,Y,Y,Y,Y,lung_NSCLC,lung_NSCLC_not specified,UNABLE TO CLASSIFY,MSS/MSI-L,D/F12,Adherent
CAL-12T,753540.0,Y,Y,Y,Y,Y,lung_NSCLC,lung_NSCLC_not specified,UNABLE TO CLASSIFY,MSS/MSI-L,D/F12,Adherent
CHAGO-K-1,687596.0,Y,Y,Y,Y,Y,lung_NSCLC,lung_NSCLC_not specified,UNABLE TO CLASSIFY,MSS/MSI-L,R,Adherent
HCC-366,1240144.0,Y,Y,Y,Y,Y,lung_NSCLC,lung_NSCLC_not specified,,MSS/MSI-L,R,Adherent
NCI-H1770,687804.0,Y,Y,Y,Y,Y,lung_NSCLC,lung_NSCLC_not specified,UNABLE TO CLASSIFY,MSS/MSI-L,D/F12,Suspension
NCI-H2110,1298351.0,Y,Y,Y,Y,Y,lung_NSCLC,lung_NSCLC_not specified,UNABLE TO CLASSIFY,MSS/MSI-L,R,Adherent
NCI-H2135,1298352.0,Y,Y,Y,Y,Y,lung_NSCLC,lung_NSCLC_not specified,UNABLE TO CLASSIFY,MSS/MSI-L,D/F12,Adherent
NCI-H2172,1298353.0,Y,Y,Y,Y,Y,lung_NSCLC,lung_NSCLC_not specified,UNABLE TO CLASSIFY,MSS/MSI-L,R,Adherent
NCI-H2444,1298356.0,Y,Y,Y,Y,Y,lung_NSCLC,lung_NSCLC_not specified,UNABLE TO CLASSIFY,MSS/MSI-L,R,Adherent
NCI-H647,1240191.0,Y,Y,Y,Y,Y,lung_NSCLC,lung_NSCLC_not specified,,MSS/MSI-L,R,Adherent
EBC-1,753554.0,Y,Y,Y,Y,Y,lung_NSCLC,lung_NSCLC_squamous_cell_carcinoma,LUSC,MSS/MSI-L,D/F12,Adherent
EPLC-272H,753556.0,Y,Y,Y,Y,Y,lung_NSCLC,lung_NSCLC_squamous_cell_carcinoma,LUSC,MSS/MSI-L,R,Adherent
HARA,1240142.0,Y,Y,Y,Y,Y,lung_NSCLC,lung_NSCLC_squamous_cell_carcinoma,LUSC,MSS/MSI-L,R,Adherent
HCC-15,1240143.0,Y,Y,Y,Y,Y,lung_NSCLC,lung_NSCLC_squamous_cell_carcinoma,LUSC,MSS/MSI-L,D/F12,Adherent
KNS-62,753569.0,Y,Y,Y,Y,Y,lung_NSCLC,lung_NSCLC_squamous_cell_carcinoma,LUSC,MSS/MSI-L,D/F12,Adherent
LC-1-SQ,1298223.0,Y,Y,Y,Y,Y,lung_NSCLC,lung_NSCLC_squamous_cell_carcinoma,LUSC,MSS/MSI-L,R,Adherent
LK-2,687787.0,Y,Y,Y,Y,Y,lung_NSCLC,lung_NSCLC_squamous_cell_carcinoma,LUSC,MSS/MSI-L,R,Adherent
LOU-NH91,1298226.0,Y,Y,Y,Y,Y,lung_NSCLC,lung_NSCLC_squamous_cell_carcinoma,LUSC,MSS/MSI-L,R,Adherent
NCI-H1869,1240183.0,Y,Y,Y,Y,Y,lung_NSCLC,lung_NSCLC_squamous_cell_carcinoma,LUSC,MSS/MSI-L,D/F12,Adherent
NCI-H2170,687815.0,Y,Y,Y,Y,Y,lung_NSCLC,lung_NSCLC_squamous_cell_carcinoma,LUSC,MSS/MSI-L,R,Adherent
NCI-H226,905941.0,Y,Y,Y,Y,Y,lung_NSCLC,lung_NSCLC_squamous_cell_carcinoma,LUSC,MSS/MSI-L,R,Adherent
NCI-H520,908443.0,Y,Y,Y,Y,Y,lung_NSCLC,lung_NSCLC_squamous_cell_carcinoma,LUSC,MSS/MSI-L,R,Adherent
RERF-LC-SQ1,1298538.0,Y,Y,Y,Y,Y,lung_NSCLC,lung_NSCLC_squamous_cell_carcinoma,LUSC,MSS/MSI-L,R,Adherent
SK-MES-1,909728.0,Y,Y,Y,Y,Y,lung_NSCLC,lung_NSCLC_squamous_cell_carcinoma,LUSC,MSS/MSI-L,D/F12,Adherent
SW900,724879.0,Y,Y,Y,Y,Y,lung_NSCLC,lung_NSCLC_squamous_cell_carcinoma,LUSC,MSS/MSI-L,R,Adherent
COR-L321,1322213.0,Y,Y,Y,Y,Y,lung,Lung_other,UNABLE TO CLASSIFY,MSS/MSI-L,R,Suspension
COLO-668,910692.0,Y,Y,Y,Y,Y,lung_SCLC,lung_small_cell_carcinoma,SCLC,MSS/MSI-L,R,Adherent
COR-L279,910937.0,Y,Y,Y,Y,Y,lung_SCLC,lung_small_cell_carcinoma,SCLC,MSS/MSI-L,R,Suspension
COR-L303,1297438.0,Y,Y,Y,Y,Y,lung_SCLC,lung_small_cell_carcinoma,SCLC,MSS/MSI-L,R,Suspension
COR-L311,687980.0,Y,Y,Y,Y,Y,lung_SCLC,lung_small_cell_carcinoma,SCLC,MSS/MSI-L,R,Suspension
COR-L32,1322212.0,Y,Y,Y,Y,Y,lung_SCLC,lung_small_cell_carcinoma,SCLC,MSS/MSI-L,R,Suspension
COR-L88,906808.0,Y,Y,Y,Y,Y,lung_SCLC,lung_small_cell_carcinoma,SCLC,MSS/MSI-L,R,Adherent
CPC-N,753547.0,Y,Y,Y,Y,Y,lung_SCLC,lung_small_cell_carcinoma,SCLC,MSS/MSI-L,R,Suspension
DMS-114,687983.0,Y,Y,Y,Y,Y,lung_SCLC,lung_small_cell_carcinoma,SCLC,MSS/MSI-L,D/F12,Adherent
DMS-273,687985.0,Y,Y,Y,Y,Y,lung_SCLC,lung_small_cell_carcinoma,SCLC,MSS/MSI-L,D/F12,Adherent
DMS-53,907295.0,Y,Y,Y,Y,Y,lung_SCLC,lung_small_cell_carcinoma,SCLC,MSS/MSI-L,D/F12,Adherent
IST-SL1,753564.0,Y,Y,Y,Y,Y,lung_SCLC,lung_small_cell_carcinoma,SCLC,MSS/MSI-L,R,Semi-Adherent
IST-SL2,753565.0,Y,Y,Y,Y,Y,lung_SCLC,lung_small_cell_carcinoma,SCLC,MSS/MSI-L,R,Suspension
LB647-SCLC,753582.0,Y,Y,Y,Y,Y,lung_SCLC,lung_small_cell_carcinoma,SCLC,MSS/MSI-L,R,Semi-Adherent
LU-134-A,753588.0,Y,Y,Y,Y,Y,lung_SCLC,lung_small_cell_carcinoma,SCLC,MSS/MSI-L,R,Suspension
LU-135,713899.0,Y,Y,Y,Y,Y,lung_SCLC,lung_small_cell_carcinoma,SCLC,MSS/MSI-L,R,Suspension
LU-139,713878.0,Y,Y,Y,Y,Y,lung_SCLC,lung_small_cell_carcinoma,SCLC,MSS/MSI-L,R,Suspension
LU-165,753589.0,Y,Y,Y,Y,Y,lung_SCLC,lung_small_cell_carcinoma,SCLC,MSS/MSI-L,R,Suspension
MS-1,753594.0,Y,Y,Y,Y,Y,lung_SCLC,lung_small_cell_carcinoma,SCLC,MSS/MSI-L,R,Suspension
NCI-H1048,687995.0,Y,Y,Y,Y,Y,lung_SCLC,lung_small_cell_carcinoma,SCLC,MSI-H,D/F12,Adherent
NCI-H1092,687997.0,Y,Y,Y,Y,Y,lung_SCLC,lung_small_cell_carcinoma,SCLC,MSS/MSI-L,D/F12,Suspension
NCI-H1105,908468.0,Y,Y,Y,Y,Y,lung_SCLC,lung_small_cell_carcinoma,SCLC,MSS/MSI-L,D/F12,Suspension
NCI-H1341,1330964.0,Y,Y,Y,Y,Y,lung_SCLC,lung_small_cell_carcinoma,SCLC,MSS/MSI-L,D/F12,Suspension
NCI-H1417,688001.0,Y,Y,Y,Y,Y,lung_SCLC,lung_small_cell_carcinoma,SCLC,MSS/MSI-L,R,Suspension
NCI-H1436,908469.0,Y,Y,Y,Y,Y,lung_SCLC,lung_small_cell_carcinoma,SCLC,MSS/MSI-L,D/F12,Suspension
NCI-H146,910899.0,Y,Y,Y,Y,Y,lung_SCLC,lung_small_cell_carcinoma,SCLC,MSS/MSI-L,R,Suspension
NCI-H1688,1298349.0,Y,Y,Y,Y,Y,lung_SCLC,lung_small_cell_carcinoma,SCLC,MSS/MSI-L,R,Adherent
NCI-H1694,688006.0,Y,Y,Y,Y,Y,lung_SCLC,lung_small_cell_carcinoma,SCLC,MSS/MSI-L,D/F12,Suspension
NCI-H1836,1240182.0,Y,Y,Y,Y,Y,lung_SCLC,lung_small_cell_carcinoma,SCLC,MSS/MSI-L,D/F12,Suspension
NCI-H187,688007.0,Y,Y,Y,Y,Y,lung_SCLC,lung_small_cell_carcinoma,SCLC,MSS/MSI-L,R,Suspension
NCI-H1876,1330972.0,Y,Y,Y,Y,Y,lung_SCLC,lung_small_cell_carcinoma,SCLC,MSS/MSI-L,D/F12,Adherent
NCI-H196,1240186.0,Y,Y,Y,Y,Y,lung_SCLC,lung_small_cell_carcinoma,SCLC,MSS/MSI-L,R,Adherent
NCI-H1963,688010.0,Y,Y,Y,Y,Y,lung_SCLC,lung_small_cell_carcinoma,SCLC,MSS/MSI-L,R,Suspension
NCI-H2029,688011.0,Y,Y,Y,Y,Y,lung_SCLC,lung_small_cell_carcinoma,SCLC,MSS/MSI-L,D/F12,Adherent
NCI-H2066,1330973.0,Y,Y,Y,Y,Y,lung_SCLC,lung_small_cell_carcinoma,SCLC,MSS/MSI-L,D/F12,Adherent
NCI-H209,688013.0,Y,Y,Y,Y,Y,lung_SCLC,lung_small_cell_carcinoma,SCLC,MSS/MSI-L,R,Suspension
NCI-H211,1240189.0,Y,Y,Y,Y,Y,lung_SCLC,lung_small_cell_carcinoma,SCLC,MSS/MSI-L,R,Adherent
NCI-H2141,688014.0,Y,Y,Y,Y,Y,lung_SCLC,lung_small_cell_carcinoma,SCLC,MSS/MSI-L,D/F12,Suspension
NCI-H2196,908481.0,Y,Y,Y,Y,Y,lung_SCLC,lung_small_cell_carcinoma,SCLC,MSS/MSI-L,R,Adherent
NCI-H2227,688018.0,Y,Y,Y,Y,Y,lung_SCLC,lung_small_cell_carcinoma,SCLC,MSS/MSI-L,R,Semi-Adherent
NCI-H250,924241.0,Y,Y,Y,Y,Y,lung_SCLC,lung_small_cell_carcinoma,SCLC,MSS/MSI-L,R,Suspension
NCI-H345,688021.0,Y,Y,Y,Y,Y,lung_SCLC,lung_small_cell_carcinoma,SCLC,MSS/MSI-L,D/F12,Suspension
NCI-H378,688022.0,Y,Y,Y,Y,Y,lung_SCLC,lung_small_cell_carcinoma,SCLC,MSS/MSI-L,R,Suspension
NCI-H446,688023.0,Y,Y,Y,Y,Y,lung_SCLC,lung_small_cell_carcinoma,SCLC,MSS/MSI-L,R,Semi-Adherent
NCI-H510A,753605.0,Y,Y,Y,Y,Y,lung_SCLC,lung_small_cell_carcinoma,SCLC,MSS/MSI-L,D/F12,Semi-Adherent
NCI-H524,908483.0,Y,Y,Y,Y,Y,lung_SCLC,lung_small_cell_carcinoma,SCLC,MSS/MSI-L,R,Suspension
NCI-H526,688025.0,Y,Y,Y,Y,Y,lung_SCLC,lung_small_cell_carcinoma,SCLC,MSS/MSI-L,R,Suspension
NCI-H64,688026.0,Y,Y,Y,Y,Y,lung_SCLC,lung_small_cell_carcinoma,SCLC,MSS/MSI-L,R,Suspension
NCI-H69,688027.0,Y,Y,Y,Y,Y,lung_SCLC,lung_small_cell_carcinoma,SCLC,MSS/MSI-L,R,Suspension
NCI-H748,909194.0,Y,Y,Y,Y,Y,lung_SCLC,lung_small_cell_carcinoma,SCLC,MSS/MSI-L,R,Suspension
NCI-H82,688031.0,Y,Y,Y,Y,Y,lung_SCLC,lung_small_cell_carcinoma,SCLC,MSS/MSI-L,R,Suspension
NCI-H841,1240192.0,Y,Y,Y,Y,Y,lung_SCLC,lung_small_cell_carcinoma,SCLC,MSS/MSI-L,D/F12,Adherent
NCI-H847,1240193.0,Y,Y,Y,Y,Y,lung_SCLC,lung_small_cell_carcinoma,SCLC,MSS/MSI-L,D/F12,Adherent
SBC-1,713885.0,Y,Y,Y,Y,Y,lung_SCLC,lung_small_cell_carcinoma,SCLC,MSS/MSI-L,R,Suspension
SBC-3,753610.0,Y,Y,Y,Y,Y,lung_SCLC,lung_small_cell_carcinoma,SCLC,MSS/MSI-L,D/F12,Adherent
SBC-5,713880.0,Y,Y,Y,Y,Y,lung_SCLC,lung_small_cell_carcinoma,SCLC,MSS/MSI-L,D/F12,Adherent
H2369,1290808.0,Y,Y,Y,Y,Y,lung,mesothelioma,MESO,MSS/MSI-L,R,Adherent
H2373,1290809.0,Y,Y,Y,Y,Y,lung,mesothelioma,MESO,MSS/MSI-L,R,Adherent
H2461,1290810.0,Y,Y,Y,Y,Y,lung,mesothelioma,MESO,MSS/MSI-L,R,Adherent
H2591,1240131.0,Y,Y,Y,Y,Y,lung,mesothelioma,MESO,MSS/MSI-L,R,Adherent
H2595,1240132.0,Y,Y,Y,Y,Y,lung,mesothelioma,MESO,MSS/MSI-L,R,Adherent
H2722,1290812.0,Y,Y,Y,Y,Y,lung,mesothelioma,MESO,MSS/MSI-L,R,Adherent
H2731,1240134.0,Y,Y,Y,Y,Y,lung,mesothelioma,MESO,MSS/MSI-L,R,Adherent
H2795,1290813.0,Y,Y,Y,Y,Y,lung,mesothelioma,MESO,MSS/MSI-L,R,Adherent
H2803,1240135.0,Y,Y,Y,Y,Y,lung,mesothelioma,MESO,MSS/MSI-L,R,Adherent
H2804,1240136.0,Y,Y,Y,Y,Y,lung,mesothelioma,MESO,MSS/MSI-L,R,Adherent
H2810,1240137.0,Y,Y,Y,Y,Y,lung,mesothelioma,MESO,MSS/MSI-L,R,Adherent
H2818,1290814.0,Y,Y,Y,Y,Y,lung,mesothelioma,MESO,MSS/MSI-L,R,Adherent
H2869,1240138.0,Y,Y,Y,Y,Y,lung,mesothelioma,MESO,MSS/MSI-L,R,Adherent
H290,1240139.0,Y,Y,Y,Y,Y,lung,mesothelioma,MESO,MSS/MSI-L,R,Adherent
H513,1240141.0,Y,Y,Y,Y,Y,lung,mesothelioma,MESO,MSS/MSI-L,R,Semi-Adherent
IST-MES1,907173.0,Y,Y,Y,Y,Y,lung,mesothelioma,MESO,MSS/MSI-L,D/F12,Adherent
MPP-89,908150.0,Y,Y,Y,Y,Y,lung,mesothelioma,MESO,MSS/MSI-L,D/F12,Adherent
MSTO-211H,908152.0,Y,Y,Y,Y,Y,lung,mesothelioma,MESO,MSS/MSI-L,R,Adherent
NCI-H2052,688058.0,Y,Y,Y,Y,Y,lung,mesothelioma,MESO,MSS/MSI-L,R,Adherent
NCI-H2452,908462.0,Y,Y,Y,Y,Y,lung,mesothelioma,MESO,MSS/MSI-L,R,Adherent
NCI-H28,908470.0,Y,Y,Y,Y,Y,lung,mesothelioma,MESO,MSS/MSI-L,R,Adherent
42-MG-BA,687561.0,Y,Y,Y,Y,Y,nervous_system,glioma,GBM,MSS/MSI-L,R,Adherent
8-MG-BA,687562.0,Y,Y,Y,Y,Y,nervous_system,glioma,GBM,MSS/MSI-L,D/F12,Adherent
A172,687563.0,Y,Y,Y,Y,Y,nervous_system,glioma,GBM,MSS/MSI-L,D/F12,Adherent
AM-38,910933.0,Y,Y,Y,Y,Y,nervous_system,glioma,GBM,MSS/MSI-L,D/F12,Semi-Adherent
BECKER,906746.0,Y,Y,Y,Y,Y,nervous_system,glioma,GBM,MSS/MSI-L,D/F12,Adherent
CAS-1,910943.0,Y,Y,Y,Y,Y,nervous_system,glioma,GBM,MSS/MSI-L,D/F12,Adherent
CCF-STTG1,906823.0,Y,Y,Y,Y,Y,nervous_system,glioma,GBM,MSS/MSI-L,R,Adherent
D-247MG,946367.0,Y,Y,Y,Y,Y,nervous_system,glioma,GBM,MSS/MSI-L,D/F12,Adherent
D-263MG,946368.0,Y,Y,Y,Y,Y,nervous_system,glioma,GBM,MSS/MSI-L,D/F12,Adherent
D-336MG,946369.0,Y,Y,Y,Y,Y,nervous_system,glioma,LGG,MSS/MSI-L,D/F12,Adherent
D-392MG,946370.0,Y,Y,Y,Y,Y,nervous_system,glioma,GBM,MSS/MSI-L,D/F12,Adherent
D-502MG,946373.0,Y,Y,Y,Y,Y,nervous_system,glioma,LGG,MSS/MSI-L,D/F12,Adherent
D-542MG,753549.0,Y,Y,Y,Y,Y,nervous_system,glioma,GBM,MSS/MSI-L,D/F12,Adherent
D-566MG,946377.0,Y,Y,Y,Y,Y,nervous_system,glioma,GBM,MSS/MSI-L,D/F12,Adherent
DBTRG-05MG,906835.0,Y,Y,Y,Y,Y,nervous_system,glioma,GBM,MSS/MSI-L,R,Adherent
DK-MG,906839.0,Y,Y,Y,Y,Y,nervous_system,glioma,GBM,MSS/MSI-L,R,Adherent
GAMG,906868.0,Y,Y,Y,Y,Y,nervous_system,glioma,LGG,MSS/MSI-L,D/F12,Adherent
GB-1,687568.0,Y,Y,Y,Y,Y,nervous_system,glioma,GBM,MSS/MSI-L,D/F12,Adherent
GI-1,906871.0,Y,Y,Y,Y,Y,nervous_system,glioma,LGG,MSS/MSI-L,D/F12,Adherent
GMS-10,906873.0,Y,Y,Y,Y,Y,nervous_system,glioma,GBM,MSS/MSI-L,D/F12,Adherent
H4,907042.0,Y,Y,Y,Y,Y,nervous_system,glioma,LGG,MSS/MSI-L,D/F12,Adherent
HS683,1240150.0,Y,Y,Y,Y,Y,nervous_system,glioma,LGG,MSS/MSI-L,D/F12,Adherent
KALS-1,907271.0,Y,Y,Y,Y,Y,nervous_system,glioma,LGG,MSS/MSI-L,R,Adherent
KINGS-1,907279.0,Y,Y,Y,Y,Y,nervous_system,glioma,LGG,MSS/MSI-L,R,Adherent
KNS-42,907282.0,Y,Y,Y,Y,Y,nervous_system,glioma,LGG,MSS/MSI-L,D/F12,Adherent
KNS-81-FD,924188.0,Y,Y,Y,Y,Y,nervous_system,glioma,LGG,MSS/MSI-L,D/F12,Adherent
KS-1,907313.0,Y,Y,Y,Y,Y,nervous_system,glioma,GBM,MSS/MSI-L,D/F12,Adherent
LN-18,1240168.0,Y,Y,Y,Y,Y,nervous_system,glioma,GBM,MSS/MSI-L,D/F12,Adherent
LN-229,1240169.0,Y,Y,Y,Y,Y,nervous_system,glioma,GBM,MSS/MSI-L,D/F12,Adherent
LN-405,910694.0,Y,Y,Y,Y,Y,nervous_system,glioma,GBM,MSS/MSI-L,D/F12,Adherent
LNZTA3WT4,1240170.0,Y,Y,Y,Y,Y,nervous_system,glioma,GBM,MSS/MSI-L,D/F12,Adherent
M059J,949094.0,Y,Y,Y,Y,Y,nervous_system,glioma,GBM,MSS/MSI-L,D/F12,Adherent
MOG-G-CCM,908144.0,Y,Y,Y,Y,Y,nervous_system,glioma,LGG,MSS/MSI-L,D/F12,Adherent
MOG-G-UVW,908145.0,Y,Y,Y,Y,Y,nervous_system,glioma,LGG,MSS/MSI-L,D/F12,Adherent
NMC-G1,908449.0,Y,Y,Y,Y,Y,nervous_system,glioma,LGG,MSS/MSI-L,D/F12,Adherent
NO-10,908452.0,Y,Y,Y,Y,Y,nervous_system,glioma,LGG,MSS/MSI-L,D/F12,Adherent
NO-11,908450.0,Y,Y,Y,Y,Y,nervous_system,glioma,LGG,MSS/MSI-L,D/F12,Adherent
SF126,909712.0,Y,Y,Y,Y,Y,nervous_system,glioma,GBM,MSS/MSI-L,D/F12,Adherent
SF268,905986.0,Y,Y,Y,Y,Y,nervous_system,glioma,GBM,MSS/MSI-L,R,Adherent
SF295,905985.0,Y,Y,Y,Y,Y,nervous_system,glioma,GBM,MSS/MSI-L,D/F12,Adherent
SF539,905984.0,Y,Y,Y,Y,Y,nervous_system,glioma,LGG,MSS/MSI-L,R,Adherent
SK-MG-1,909729.0,Y,Y,Y,Y,Y,nervous_system,glioma,GBM,MSS/MSI-L,R,Adherent
SNB75,905982.0,Y,Y,Y,Y,Y,nervous_system,glioma,GBM,MSS/MSI-L,R,Adherent
SW1088,909745.0,Y,Y,Y,Y,Y,nervous_system,glioma,GBM,MSS/MSI-L,D/F12,Adherent
SW1783,909750.0,Y,Y,Y,Y,Y,nervous_system,glioma,LGG,MSS/MSI-L,D/F12,Adherent
T98G,687586.0,Y,Y,Y,Y,Y,nervous_system,glioma,GBM,MSS/MSI-L,D/F12,Adherent
U-118-MG,687588.0,Y,Y,Y,Y,Y,nervous_system,glioma,GBM,MSS/MSI-L,D/F12,Adherent
U251,905983.0,Y,Y,Y,Y,Y,nervous_system,glioma,GBM,MSS/MSI-L,D/F12,Adherent
U-87-MG,687590.0,Y,Y,Y,Y,Y,nervous_system,glioma,GBM,MSS/MSI-L,D/F12,Adherent
YH-13,909905.0,Y,Y,Y,Y,Y,nervous_system,glioma,GBM,MSS/MSI-L,D/F12,Adherent
YKG-1,687592.0,Y,Y,Y,Y,Y,nervous_system,glioma,GBM,MSS/MSI-L,D/F12,Adherent
D-283MED,906834.0,Y,Y,Y,Y,Y,nervous_system,medulloblastoma,MB,MSS/MSI-L,D/F12,Adherent
DAOY,906833.0,Y,Y,Y,Y,Y,nervous_system,medulloblastoma,MB,MSS/MSI-L,D/F12,Adherent
ONS-76,909248.0,Y,Y,Y,Y,Y,nervous_system,medulloblastoma,MB,MSS/MSI-L,R,Adherent
PFSK-1,683667.0,Y,Y,Y,Y,Y,nervous_system,medulloblastoma,MB,MSS/MSI-L,R,Adherent
BE2-M17,753616.0,Y,Y,Y,Y,Y,neuroblastoma,neuroblastoma,NB,MSS/MSI-L,D/F12,Adherent
CHP-126,910567.0,Y,Y,Y,Y,Y,neuroblastoma,neuroblastoma,NB,MSS/MSI-L,R,Suspension
CHP-134,910941.0,Y,Y,Y,Y,Y,neuroblastoma,neuroblastoma,NB,MSS/MSI-L,R,Suspension
CHP-212,906820.0,Y,Y,Y,Y,Y,neuroblastoma,neuroblastoma,NB,MSS/MSI-L,D/F12,Adherent
GI-ME-N,906872.0,Y,Y,Y,Y,Y,neuroblastoma,neuroblastoma,NB,MSS/MSI-L,R,Adherent
GOTO,906875.0,Y,Y,Y,Y,Y,neuroblastoma,neuroblastoma,NB,MSS/MSI-L,R,Adherent
IMR-5,907170.0,Y,Y,Y,Y,Y,neuroblastoma,neuroblastoma,NB,MSS/MSI-L,R,Adherent
KELLY,753618.0,Y,Y,Y,Y,Y,neuroblastoma,neuroblastoma,NB,MSS/MSI-L,R,Adherent
KP-N-YN,907314.0,Y,Y,Y,Y,Y,neuroblastoma,neuroblastoma,NB,MSS/MSI-L,R,Adherent
LAN-6,949170.0,Y,Y,Y,Y,Y,neuroblastoma,neuroblastoma,NB,MSS/MSI-L,R,Adherent
MHH-NB-11,908135.0,Y,Y,Y,Y,Y,neuroblastoma,neuroblastoma,NB,MSS/MSI-L,R,Adherent
NB(TU)1-10,1240181.0,Y,Y,Y,Y,Y,neuroblastoma,neuroblastoma,NB,MSS/MSI-L,R,Adherent
NB1,949179.0,Y,Y,Y,Y,Y,neuroblastoma,neuroblastoma,NB,MSS/MSI-L,R,Semi-Adherent
NB10,949171.0,Y,Y,Y,Y,Y,neuroblastoma,neuroblastoma,NB,MSS/MSI-L,D/F12,Adherent
NB12,949172.0,Y,Y,Y,Y,Y,neuroblastoma,neuroblastoma,NB,MSS/MSI-L,D/F12,Adherent
NB13,949177.0,Y,Y,Y,Y,Y,neuroblastoma,neuroblastoma,NB,MSS/MSI-L,D/F12,Adherent
NB14,949178.0,Y,Y,Y,Y,Y,neuroblastoma,neuroblastoma,NB,MSS/MSI-L,D/F12,Adherent
NB17,949175.0,Y,Y,Y,Y,Y,neuroblastoma,neuroblastoma,NB,MSS/MSI-L,D/F12,Adherent
NB5,949176.0,Y,Y,Y,Y,Y,neuroblastoma,neuroblastoma,NB,MSS/MSI-L,D/F12,Adherent
NB6,949173.0,Y,Y,Y,Y,Y,neuroblastoma,neuroblastoma,NB,MSS/MSI-L,D/F12,Adherent
NB69,908440.0,Y,Y,Y,Y,Y,neuroblastoma,neuroblastoma,NB,MSS/MSI-L,D/F12,Adherent
NB7,949174.0,Y,Y,Y,Y,Y,neuroblastoma,neuroblastoma,NB,MSS/MSI-L,D/F12,Adherent
NH-12,908447.0,Y,Y,Y,Y,Y,neuroblastoma,neuroblastoma,NB,MSS/MSI-L,D/F12,Adherent
SIMA,753620.0,Y,Y,Y,Y,Y,neuroblastoma,neuroblastoma,NB,MSS/MSI-L,R,Adherent
SK-N-AS,724828.0,Y,Y,Y,Y,Y,neuroblastoma,neuroblastoma,NB,MSS/MSI-L,D/F12,Adherent
SK-N-DZ,688086.0,Y,Y,Y,Y,Y,neuroblastoma,neuroblastoma,NB,MSS/MSI-L,D/F12,Adherent
SK-N-FI,688087.0,Y,Y,Y,Y,Y,neuroblastoma,neuroblastoma,NB,MSS/MSI-L,D/F12,Adherent
SK-N-SH,717431.0,Y,Y,Y,Y,Y,neuroblastoma,neuroblastoma,NB,MSS/MSI-L,D/F12,Adherent
TGW,910780.0,Y,Y,Y,Y,Y,neuroblastoma,neuroblastoma,NB,MSS/MSI-L,D/F12,Adherent
ASPC-1,910702.0,Y,Y,Y,Y,Y,pancreas,pancreas,PAAD,MSS/MSI-L,R,Adherent
BXPC-3,906693.0,Y,Y,Y,Y,Y,pancreas,pancreas,PAAD,MSS/MSI-L,R,Adherent
CAPAN-1,753624.0,Y,Y,Y,Y,Y,pancreas,pancreas,PAAD,MSS/MSI-L,D/F12,Adherent
CAPAN-2,910915.0,Y,Y,Y,Y,Y,pancreas,pancreas,PAAD,MSS/MSI-L,R,Adherent
CFPAC-1,906821.0,Y,Y,Y,Y,Y,pancreas,pancreas,PAAD,MSS/MSI-L,R,Adherent
DAN-G,1290797.0,Y,Y,Y,Y,Y,pancreas,pancreas,PAAD,MSS/MSI-L,R,Adherent
HPAC,1298136.0,Y,Y,Y,Y,Y,pancreas,pancreas,PAAD,MSS/MSI-L,D/F12,Adherent
HPAF-II,724869.0,Y,Y,Y,Y,Y,pancreas,pancreas,PAAD,MSS/MSI-L,D/F12,Adherent
HS766T,1298141.0,Y,Y,Y,Y,Y,pancreas,pancreas,PAAD,MSS/MSI-L,D/F12,Adherent
HUP-T3,907285.0,Y,Y,Y,Y,Y,pancreas,pancreas,PAAD,MSS/MSI-L,R,Adherent
HUP-T4,907286.0,Y,Y,Y,Y,Y,pancreas,pancreas,PAAD,MSS/MSI-L,D/F12,Adherent
KP-1N,1298216.0,Y,Y,Y,Y,Y,pancreas,pancreas,PAAD,MSS/MSI-L,R,Adherent
KP-3,1298219.0,Y,Y,Y,Y,Y,pancreas,pancreas,UNABLE TO CLASSIFY,MSS/MSI-L,R,Adherent
KP-4,753572.0,Y,Y,Y,Y,Y,pancreas,pancreas,PAAD,MSS/MSI-L,D/F12,Adherent
MIA-PACA-2,724870.0,Y,Y,Y,Y,Y,pancreas,pancreas,PAAD,MSS/MSI-L,D/F12,Adherent
MZ1-PC,753595.0,Y,Y,Y,Y,Y,pancreas,pancreas,PAAD,MSS/MSI-L,R,Adherent
PANC-02-03,1298475.0,Y,Y,Y,Y,Y,pancreas,pancreas,PAAD,MSS/MSI-L,R,Adherent
PANC-03-27,925346.0,Y,Y,Y,Y,Y,pancreas,pancreas,PAAD,MSS/MSI-L,R,Adherent
PANC-04-03,1298476.0,Y,Y,Y,Y,Y,pancreas,pancreas,PAAD,MSS/MSI-L,R,Adherent
PANC-08-13,925347.0,Y,Y,Y,Y,Y,pancreas,pancreas,PAAD,MSS/MSI-L,R,Adherent
PANC-10-05,925348.0,Y,Y,Y,Y,Y,pancreas,pancreas,PAAD,MSS/MSI-L,R,Adherent
PA-TU-8902,1298526.0,Y,Y,Y,Y,Y,pancreas,pancreas,PAAD,MSS/MSI-L,D/F12,Adherent
PA-TU-8988T,1240201.0,Y,Y,Y,Y,Y,pancreas,pancreas,PAAD,MSS/MSI-L,D/F12,Adherent
PL18,1240208.0,Y,Y,Y,Y,Y,pancreas,pancreas,PAAD,MSS/MSI-L,D/F12,Adherent
PL4,1298533.0,Y,Y,Y,Y,Y,pancreas,pancreas,PAAD,MSS/MSI-L,D/F12,Adherent
PSN1,910546.0,Y,Y,Y,Y,Y,pancreas,pancreas,PAAD,MSS/MSI-L,R,Adherent
QGP-1,1298534.0,Y,Y,Y,Y,Y,pancreas,pancreas,,MSS/MSI-L,R,Adherent
SU8686,1240218.0,Y,Y,Y,Y,Y,pancreas,pancreas,PAAD,MSS/MSI-L,R,Adherent
SUIT-2,1240219.0,Y,Y,Y,Y,Y,pancreas,pancreas,PAAD,MSS/MSI-L,R,Adherent
SW1990,910907.0,Y,Y,Y,Y,Y,pancreas,pancreas,PAAD,MSS/MSI-L,D/F12,Adherent
YAPC,909904.0,Y,Y,Y,Y,Y,pancreas,pancreas,PAAD,MSS/MSI-L,R,Adherent
451LU,1287706.0,Y,Y,Y,Y,Y,skin,melanoma,SKCM,MSS/MSI-L,D/F12,Adherent
A101D,910921.0,Y,Y,Y,Y,Y,skin,melanoma,SKCM,MSS/MSI-L,D/F12,Adherent
A2058,906792.0,Y,Y,Y,Y,Y,skin,melanoma,SKCM,MSS/MSI-L,D/F12,Adherent
A375,906793.0,Y,Y,Y,Y,Y,skin,melanoma,SKCM,MSS/MSI-L,D/F12,Adherent
C32,906830.0,Y,Y,Y,Y,Y,skin,melanoma,SKCM,MSS/MSI-L,D/F12,Adherent
CHL-1,910853.0,Y,Y,Y,Y,Y,skin,melanoma,SKCM,MSS/MSI-L,D/F12,Adherent
COLO-679,906818.0,Y,Y,Y,Y,Y,skin,melanoma,SKCM,MSS/MSI-L,R,Adherent
COLO-792,906814.0,Y,Y,Y,Y,Y,skin,melanoma,SKCM,MSS/MSI-L,R,Adherent
COLO-800,906813.0,Y,Y,Y,Y,Y,skin,melanoma,SKCM,MSS/MSI-L,R,Adherent
COLO-829,687448.0,Y,Y,Y,Y,Y,skin,melanoma,SKCM,MSS/MSI-L,R,Adherent
CP50-MEL-B,753545.0,Y,Y,Y,Y,Y,skin,melanoma,SKCM,MSS/MSI-L,D/F12,Adherent
CP66-MEL,753546.0,Y,Y,Y,Y,Y,skin,melanoma,SKCM,MSS/MSI-L,D/F12,Adherent
G-361,906865.0,Y,Y,Y,Y,Y,skin,melanoma,SKCM,MSS/MSI-L,R,Adherent
GAK,910932.0,Y,Y,Y,Y,Y,skin,melanoma,SKCM,MSS/MSI-L,D/F12,Adherent
G-MEL,1240130.0,Y,Y,Y,Y,Y,skin,melanoma,SKCM,MSS/MSI-L,D/F12,Adherent
HMV-II,907058.0,Y,Y,Y,Y,Y,skin,melanoma,SKCM,MSS/MSI-L,R,Adherent
HS940-T,1298145.0,Y,Y,Y,Y,Y,skin,melanoma,SKCM,MSS/MSI-L,D/F12,Adherent
HT-144,907067.0,Y,Y,Y,Y,Y,skin,melanoma,SKCM,MSS/MSI-L,R,Adherent
IGR-1,907169.0,Y,Y,Y,Y,Y,skin,melanoma,SKCM,MSS/MSI-L,D/F12,Adherent
IGR-37,1240153.0,Y,Y,Y,Y,Y,skin,melanoma,SKCM,MSS/MSI-L,D/F12,Adherent
IPC-298,907171.0,Y,Y,Y,Y,Y,skin,melanoma,SKCM,MSS/MSI-L,R,Adherent
IST-MEL1,907172.0,Y,Y,Y,Y,Y,skin,melanoma,SKCM,MSS/MSI-L,R,Adherent
LB2518-MEL,753579.0,Y,Y,Y,Y,Y,skin,melanoma,SKCM,MSS/MSI-L,D/F12,Adherent
LB373-MEL-D,753581.0,Y,Y,Y,Y,Y,skin,melanoma,SKCM,MSS/MSI-L,D/F12,Adherent
LOXIMVI,905974.0,Y,Y,Y,Y,Y,skin,melanoma,SKCM,MSS/MSI-L,R,Semi-Adherent
M14,905975.0,Y,Y,Y,Y,Y,skin,melanoma,SKCM,MSS/MSI-L,R,Adherent
MEL-HO,908124.0,Y,Y,Y,Y,Y,skin,melanoma,SKCM,MSS/MSI-L,R,Adherent
MEL-JUSO,908125.0,Y,Y,Y,Y,Y,skin,melanoma,SKCM,MSS/MSI-L,R,Adherent
MEWO,908128.0,Y,Y,Y,Y,Y,skin,melanoma,SKCM,MSS/MSI-L,R,Adherent
MMAC-SF,925339.0,Y,Y,Y,Y,Y,skin,melanoma,SKCM,MSS/MSI-L,D/F12,Adherent
MZ2-MEL,971777.0,Y,Y,Y,Y,Y,skin,melanoma,SKCM,MSS/MSI-L,D/F12,Adherent
MZ7-MEL,753596.0,Y,Y,Y,Y,Y,skin,melanoma,SKCM,MSS/MSI-L,R,Adherent
RPMI-7951,910903.0,Y,Y,Y,Y,Y,skin,melanoma,SKCM,MSS/MSI-L,D/F12,Adherent
RVH-421,909706.0,Y,Y,Y,Y,Y,skin,melanoma,SKCM,MSS/MSI-L,R,Adherent
SH-4,909713.0,Y,Y,Y,Y,Y,skin,melanoma,SKCM,MSS/MSI-L,D/F12,Adherent
SK-MEL-1,909723.0,Y,Y,Y,Y,Y,skin,melanoma,SKCM,MSS/MSI-L,D/F12,Suspension
SK-MEL-2,905955.0,Y,Y,Y,Y,Y,skin,melanoma,SKCM,MSI-H,R,Adherent
SK-MEL-24,909725.0,Y,Y,Y,Y,Y,skin,melanoma,SKCM,MSS/MSI-L,D/F12,Adherent
SK-MEL-28,905954.0,Y,Y,Y,Y,Y,skin,melanoma,SKCM,MSS/MSI-L,D/F12,Adherent
SK-MEL-3,909724.0,Y,Y,Y,Y,Y,skin,melanoma,SKCM,MSS/MSI-L,R,Adherent
SK-MEL-30,909726.0,Y,Y,Y,Y,Y,skin,melanoma,SKCM,MSS/MSI-L,R,Adherent
SK-MEL-31,909727.0,Y,Y,Y,Y,Y,skin,melanoma,SKCM,MSS/MSI-L,D/F12,Adherent
SK-MEL-5,905956.0,Y,Y,Y,Y,Y,skin,melanoma,SKCM,MSS/MSI-L,D/F12,Adherent
UACC-257,905977.0,Y,Y,Y,Y,Y,skin,melanoma,SKCM,MSS/MSI-L,R,Adherent
UACC-62,905976.0,Y,Y,Y,Y,Y,skin,melanoma,SKCM,MSS/MSI-L,D/F12,Adherent
WM-115,909784.0,Y,Y,Y,Y,Y,skin,melanoma,SKCM,MSS/MSI-L,D/F12,Adherent
WM1552C,1299078.0,Y,Y,Y,Y,Y,skin,melanoma,SKCM,MSS/MSI-L,R,Adherent
WM278,1240226.0,Y,Y,Y,Y,Y,skin,melanoma,SKCM,MSS/MSI-L,R,Adherent
WM35,1299080.0,Y,Y,Y,Y,Y,skin,melanoma,SKCM,MSS/MSI-L,R,Adherent
WM793B,1299081.0,Y,Y,Y,Y,Y,skin,melanoma,SKCM,MSS/MSI-L,R,Adherent
A388,910697.0,Y,Y,Y,Y,Y,skin,skin_other,,MSS/MSI-L,D/F12,Adherent
A431,910925.0,Y,Y,Y,Y,Y,skin,skin_other,,MSS/MSI-L,D/F12,Adherent
DJM-1,906841.0,Y,Y,Y,Y,Y,skin,skin_other,,MSS/MSI-L,D/F12,Adherent
HT-1080,907064.0,Y,Y,Y,Y,Y,soft_tissue,fibrosarcoma,,MSS/MSI-L,D/F12,Adherent
SW684,909754.0,Y,Y,Y,Y,Y,soft_tissue,fibrosarcoma,,MSS/MSI-L,D/F12,Adherent
A204,910784.0,Y,Y,Y,Y,Y,soft_tissue,rhabdomyosarcoma,,MSS/MSI-L,R,Adherent
A673,684052.0,Y,Y,Y,Y,Y,soft_tissue,rhabdomyosarcoma,,MSS/MSI-L,D/F12,Adherent
KYM-1,1240166.0,Y,Y,Y,Y,Y,soft_tissue,rhabdomyosarcoma,,MSS/MSI-L,D/F12,Adherent
RD,909264.0,Y,Y,Y,Y,Y,soft_tissue,rhabdomyosarcoma,,MSS/MSI-L,D/F12,Adherent
RH-1,971773.0,Y,Y,Y,Y,Y,soft_tissue,rhabdomyosarcoma,,MSS/MSI-L,R,Adherent
RH-18,971774.0,Y,Y,Y,Y,Y,soft_tissue,rhabdomyosarcoma,,MSS/MSI-L,R,Adherent
RH-41,1240210.0,Y,Y,Y,Y,Y,soft_tissue,rhabdomyosarcoma,,MSS/MSI-L,R,Adherent
SJRH30,909716.0,Y,Y,Y,Y,Y,soft_tissue,rhabdomyosarcoma,,MSS/MSI-L,R,Adherent
TE-441-T,924248.0,Y,Y,Y,Y,Y,soft_tissue,rhabdomyosarcoma,,MSS/MSI-L,D/F12,Adherent
G-402,907298.0,Y,Y,Y,Y,Y,soft_tissue,soft_tissue_other,,MSS/MSI-L,R,Adherent
GCT,906999.0,Y,Y,Y,Y,Y,soft_tissue,soft_tissue_other,,MSS/MSI-L,R,Adherent
MFH-INO,925343.0,Y,Y,Y,Y,Y,soft_tissue,soft_tissue_other,,MSS/MSI-L,D/F12,Adherent
SK-LMS-1,909720.0,Y,Y,Y,Y,Y,soft_tissue,soft_tissue_other,,MSS/MSI-L,D/F12,Adherent
SK-UT-1,909732.0,Y,Y,Y,Y,Y,soft_tissue,soft_tissue_other,,MSI-H,D/F12,Adherent
SW872,909756.0,Y,Y,Y,Y,Y,soft_tissue,soft_tissue_other,,MSS/MSI-L,D/F12,Adherent
SW982,909759.0,Y,Y,Y,Y,Y,soft_tissue,soft_tissue_other,,MSS/MSI-L,D/F12,Adherent
VA-ES-BJ,688121.0,Y,Y,Y,Y,Y,soft_tissue,soft_tissue_other,,MSS/MSI-L,D/F12,Adherent
8305C,906795.0,Y,Y,Y,Y,Y,thyroid,thyroid,THCA,MSS/MSI-L,R,Adherent
8505C,924102.0,Y,Y,Y,Y,Y,thyroid,thyroid,THCA,MSS/MSI-L,R,Adherent
ASH-3,1290722.0,Y,Y,Y,Y,Y,thyroid,thyroid,THCA,MSS/MSI-L,D/F12,Adherent
BCPAP,924104.0,Y,Y,Y,Y,Y,thyroid,thyroid,THCA,MSS/MSI-L,R,Adherent
BHT-101,906696.0,Y,Y,Y,Y,Y,thyroid,thyroid,THCA,MSS/MSI-L,D/F12,Adherent
CAL-62,906828.0,Y,Y,Y,Y,Y,thyroid,thyroid,THCA,MSS/MSI-L,D/F12,Adherent
CGTH-W-1,910568.0,Y,Y,Y,Y,Y,thyroid,thyroid,THCA,MSS/MSI-L,R,Adherent
FTC-133,906864.0,Y,Y,Y,Y,Y,thyroid,thyroid,THCA,MSS/MSI-L,D/F12,Adherent
HTC-C3,924151.0,Y,Y,Y,Y,Y,thyroid,thyroid,THCA,MSS/MSI-L,D/F12,Adherent
IHH-4,1240154.0,Y,Y,Y,Y,Y,thyroid,thyroid,THCA,MSS/MSI-L,D/F12,Semi-Adherent
K5,924238.0,Y,Y,Y,Y,Y,thyroid,thyroid,THCA,MSS/MSI-L,D/F12,Adherent
ML-1,1240178.0,Y,Y,Y,Y,Y,thyroid,thyroid,THCA,MSS/MSI-L,D/F12,Adherent
RO82-W-1,930083.0,Y,Y,Y,Y,Y,thyroid,thyroid,THCA,MSS/MSI-L,D/F12,Adherent
TT,930299.0,Y,Y,Y,Y,Y,thyroid,thyroid,THCA,MSS/MSI-L,D/F12,Adherent
TT2609-C02,1240223.0,Y,Y,Y,Y,Y,thyroid,thyroid,THCA,MSS/MSI-L,R,Adherent
5637,687452.0,Y,Y,Y,Y,Y,urogenital_system,Bladder,BLCA,MSS/MSI-L,R,Adherent
639-V,906798.0,Y,Y,Y,Y,Y,urogenital_system,Bladder,BLCA,MSS/MSI-L,D/F12,Adherent
647-V,906797.0,Y,Y,Y,Y,Y,urogenital_system,Bladder,BLCA,MSS/MSI-L,D/F12,Adherent
BFTC-905,910926.0,Y,Y,Y,Y,Y,urogenital_system,Bladder,BLCA,MSS/MSI-L,D/F12,Adherent
CAL-29,1290730.0,Y,Y,Y,Y,Y,urogenital_system,Bladder,BLCA,MSS/MSI-L,D/F12,Adherent
DSH1,753552.0,Y,Y,Y,Y,Y,urogenital_system,Bladder,BLCA,MSS/MSI-L,R,Adherent
HT-1197,907065.0,Y,Y,Y,Y,Y,urogenital_system,Bladder,BLCA,MSS/MSI-L,D/F12,Adherent
HT-1376,907066.0,Y,Y,Y,Y,Y,urogenital_system,Bladder,BLCA,MSS/MSI-L,D/F12,Adherent
J82,753566.0,Y,Y,Y,Y,Y,urogenital_system,Bladder,BLCA,MSS/MSI-L,D/F12,Adherent
KU-19-19,907312.0,Y,Y,Y,Y,Y,urogenital_system,Bladder,BLCA,MSS/MSI-L,R,Adherent
LB831-BLC,753584.0,Y,Y,Y,Y,Y,urogenital_system,Bladder,BLCA,MSS/MSI-L,D/F12,Adherent
RT-112,909704.0,Y,Y,Y,Y,Y,urogenital_system,Bladder,BLCA,MSS/MSI-L,R,Adherent
RT4,687455.0,Y,Y,Y,Y,Y,urogenital_system,Bladder,BLCA,MSS/MSI-L,D/F12,Adherent
SW1710,909749.0,Y,Y,Y,Y,Y,urogenital_system,Bladder,BLCA,MSS/MSI-L,D/F12,Adherent
SW780,687457.0,Y,Y,Y,Y,Y,urogenital_system,Bladder,BLCA,MSS/MSI-L,D/F12,Adherent
T-24,724812.0,Y,Y,Y,Y,Y,urogenital_system,Bladder,BLCA,MSS/MSI-L,D/F12,Adherent
TCCSUP,687459.0,Y,Y,Y,Y,Y,urogenital_system,Bladder,BLCA,MSS/MSI-L,D/F12,Adherent
UM-UC-3,724838.0,Y,Y,Y,Y,Y,urogenital_system,Bladder,BLCA,MSS/MSI-L,D/F12,Adherent
VM-CUB-1,909780.0,Y,Y,Y,Y,Y,urogenital_system,Bladder,BLCA,MSS/MSI-L,D/F12,Adherent
C-33-A,687505.0,Y,Y,Y,Y,Y,urogenital_system,cervix,CESC,MSI-H,D/F12,Adherent
C-4-I,687506.0,Y,Y,Y,Y,Y,urogenital_system,cervix,CESC,MSS/MSI-L,D/F12,Adherent
CAL-39,924107.0,Y,Y,Y,Y,Y,urogenital_system,cervix,CESC,MSS/MSI-L,D/F12,Adherent
CA-SKI,906824.0,Y,Y,Y,Y,Y,urogenital_system,cervix,CESC,MSS/MSI-L,R,Adherent
DOTC2-4510,906843.0,Y,Y,Y,Y,Y,urogenital_system,cervix,CESC,MSS/MSI-L,D/F12,Adherent
HELA,1298134.0,Y,Y,Y,Y,Y,urogenital_system,cervix,CESC,MSS/MSI-L,D/F12,Adherent
HT-3,907068.0,Y,Y,Y,Y,Y,urogenital_system,cervix,CESC,MSS/MSI-L,R,Adherent
ME-180,687514.0,Y,Y,Y,Y,Y,urogenital_system,cervix,CESC,MSS/MSI-L,D/F12,Adherent
MS751,1240179.0,Y,Y,Y,Y,Y,urogenital_system,cervix,CESC,MSS/MSI-L,D/F12,Adherent
SIHA,930297.0,Y,Y,Y,Y,Y,urogenital_system,cervix,CESC,MSS/MSI-L,D/F12,Adherent
SISO,1240212.0,Y,Y,Y,Y,Y,urogenital_system,cervix,CESC,MSS/MSI-L,R,Adherent
SKG-IIIA,930298.0,Y,Y,Y,Y,Y,urogenital_system,cervix,CESC,MSS/MSI-L,D/F12,Adherent
SW756,724839.0,Y,Y,Y,Y,Y,urogenital_system,cervix,CESC,MSS/MSI-L,D/F12,Adherent
TC-YIK,946357.0,Y,Y,Y,Y,Y,urogenital_system,cervix,,MSS/MSI-L,R,Suspension
AN3-CA,910781.0,Y,Y,Y,Y,Y,urogenital_system,endometrium,UCEC,MSI-H,D/F12,Adherent
COLO-684,910691.0,Y,Y,Y,Y,Y,urogenital_system,endometrium,UCEC,MSI-H,R,Suspension
EN,1240127.0,Y,Y,Y,Y,Y,urogenital_system,endometrium,UCEC,MSS/MSI-L,R,Adherent
ESS-1,907000.0,Y,Y,Y,Y,Y,urogenital_system,endometrium,,MSS/MSI-L,R,Adherent
HEC-1,907051.0,Y,Y,Y,Y,Y,urogenital_system,endometrium,UCEC,MSI-H,D/F12,Adherent
KLE,924187.0,Y,Y,Y,Y,Y,urogenital_system,endometrium,UCEC,MSS/MSI-L,D/F12,Adherent
MFE-280,908129.0,Y,Y,Y,Y,Y,urogenital_system,endometrium,UCEC,MSS/MSI-L,D/F12,Adherent
MFE-296,908130.0,Y,Y,Y,Y,Y,urogenital_system,endometrium,UCEC,MSI-H,D/F12,Adherent
MFE-319,1240174.0,Y,Y,Y,Y,Y,urogenital_system,endometrium,UCEC,MSI-H,D/F12,Adherent
SNG-M,909735.0,Y,Y,Y,Y,Y,urogenital_system,endometrium,UCEC,MSI-H,D/F12,Adherent
A2780,906804.0,Y,Y,Y,Y,Y,urogenital_system,ovary,UNABLE TO CLASSIFY,MSS/MSI-L,R,Semi-Adherent
CAOV-4,949090.0,Y,Y,Y,Y,Y,urogenital_system,ovary,OV,MSS/MSI-L,D/F12,Adherent
EFO-21,911905.0,Y,Y,Y,Y,Y,urogenital_system,ovary,OV,MSS/MSI-L,R,Adherent
EFO-27,906852.0,Y,Y,Y,Y,Y,urogenital_system,ovary,,MSI-H,R,Adherent
ES-2,1240128.0,Y,Y,Y,Y,Y,urogenital_system,ovary,,MSS/MSI-L,R,Adherent
FU-OV-1,1240129.0,Y,Y,Y,Y,Y,urogenital_system,ovary,OV,MSS/MSI-L,D/F12,Adherent
IGROV-1,905968.0,Y,Y,Y,Y,Y,urogenital_system,ovary,OV,MSI-H,R,Adherent
JHOS-2,1479995.0,Y,Y,Y,Y,Y,urogenital_system,ovary,OV,MSS/MSI-L,D/F12,Adherent
JHOS-3,1480358.0,Y,Y,Y,Y,Y,urogenital_system,ovary,OV,MSS/MSI-L,D/F12,Adherent
JHOS-4,1480359.0,Y,Y,Y,Y,Y,urogenital_system,ovary,OV,MSS/MSI-L,D/F12,Adherent
KGN,924186.0,Y,Y,Y,Y,Y,urogenital_system,ovary,,MSS/MSI-L,D/F12,Adherent
KURAMOCHI,909975.0,Y,Y,Y,Y,Y,urogenital_system,ovary,UNABLE TO CLASSIFY,MSS/MSI-L,R,Adherent
OAW-28,946360.0,Y,Y,Y,Y,Y,urogenital_system,ovary,OV,MSS/MSI-L,D/F12,Adherent
OAW-42,910548.0,Y,Y,Y,Y,Y,urogenital_system,ovary,OV,MSS/MSI-L,D/F12,Adherent
OC-314,909257.0,Y,Y,Y,Y,Y,urogenital_system,ovary,OV,MSI-H,R,Adherent
OV-17R,1480361.0,Y,Y,Y,Y,Y,urogenital_system,ovary,OV,MSS/MSI-L,D/F12,Adherent
OV-56,1480362.0,Y,Y,Y,Y,Y,urogenital_system,ovary,OV,MSS/MSI-L,D/F12,Adherent
OV-7,1480360.0,Y,Y,Y,Y,Y,urogenital_system,ovary,OV,MSS/MSI-L,D/F12,Adherent
OV-90,1240197.0,Y,Y,Y,Y,Y,urogenital_system,ovary,OV,MSS/MSI-L,D/F12,Adherent
OVCA420,1480364.0,Y,Y,Y,Y,Y,urogenital_system,ovary,OV,MSS/MSI-L,D/F12,Adherent
OVCAR-3,905933.0,Y,Y,Y,Y,Y,urogenital_system,ovary,OV,MSS/MSI-L,R,Adherent
OVCAR-4,905990.0,Y,Y,Y,Y,Y,urogenital_system,ovary,OV,MSS/MSI-L,R,Adherent
OVCAR-5,905969.0,Y,Y,Y,Y,Y,urogenital_system,ovary,OV,MSS/MSI-L,R,Adherent
OVCAR-8,905991.0,Y,Y,Y,Y,Y,urogenital_system,ovary,OV,MSS/MSI-L,R,Adherent
OVISE,1240198.0,Y,Y,Y,Y,Y,urogenital_system,ovary,OV,MSS/MSI-L,R,Adherent
OVK-18,1480371.0,Y,Y,Y,Y,Y,urogenital_system,ovary,OV,MSI-H,D/F12,Adherent
OVKATE,1240199.0,Y,Y,Y,Y,Y,urogenital_system,ovary,OV,MSS/MSI-L,R,Adherent
OVMIU,1240200.0,Y,Y,Y,Y,Y,urogenital_system,ovary,OV,MSS/MSI-L,R,Adherent
OVTOKO,1298365.0,Y,Y,Y,Y,Y,urogenital_system,ovary,OV,MSS/MSI-L,R,Adherent
PA-1,909255.0,Y,Y,Y,Y,Y,urogenital_system,ovary,,MSS/MSI-L,D/F12,Adherent
PEO1,1480372.0,Y,Y,Y,Y,Y,urogenital_system,ovary,OV,MSS/MSI-L,R,Adherent
RKN,1298539.0,Y,Y,Y,Y,Y,urogenital_system,ovary,,MSS/MSI-L,D/F12,Adherent
RMG-I,909699.0,Y,Y,Y,Y,Y,urogenital_system,ovary,,MSS/MSI-L,D/F12,Adherent
SK-OV-3,905959.0,Y,Y,Y,Y,Y,urogenital_system,ovary,OV,MSI-H,R,Adherent
SW626,909753.0,Y,Y,Y,Y,Y,urogenital_system,ovary,OV,MSS/MSI-L,D/F12,Adherent
TOV-112D,1299070.0,Y,Y,Y,Y,Y,urogenital_system,ovary,OV,MSS/MSI-L,D/F12,Adherent
TOV-21G,1240222.0,Y,Y,Y,Y,Y,urogenital_system,ovary,OV,MSI-H,D/F12,Adherent
TYK-NU,909774.0,Y,Y,Y,Y,Y,urogenital_system,ovary,UNABLE TO CLASSIFY,MSS/MSI-L,D/F12,Adherent
UWB1.289,1480374.0,Y,Y,Y,Y,Y,urogenital_system,ovary,OV,MSS/MSI-L,D/F12,Adherent
22RV1,924100.0,Y,Y,Y,Y,Y,urogenital_system,prostate,PRAD,MSI-H,R,Adherent
BPH-1,924105.0,Y,Y,Y,Y,Y,urogenital_system,prostate,,MSS/MSI-L,R,Adherent
DU-145,905935.0,Y,Y,Y,Y,Y,urogenital_system,prostate,PRAD,MSI-H,D/F12,Adherent
LNCAP-CLONE-FGC,907788.0,Y,Y,Y,Y,Y,urogenital_system,prostate,PRAD,MSI-H,R,Adherent
PC-3,905934.0,Y,Y,Y,Y,Y,urogenital_system,prostate,PRAD,MSS/MSI-L,D/F12,Adherent
PWR-1E,1330993.0,Y,Y,Y,Y,Y,urogenital_system,prostate,PRAD,MSS/MSI-L,D/F12,Adherent
VCAP,1299075.0,Y,Y,Y,Y,Y,urogenital_system,prostate,PRAD,MSS/MSI-L,D/F12,Adherent
NCCIT,908441.0,Y,Y,Y,Y,N,urogenital_system,testis,,MSS/MSI-L,R,Adherent
NEC8,910942.0,Y,Y,Y,Y,Y,urogenital_system,testis,,MSS/MSI-L,R,Adherent
NTERA-2 CL.D1,908454.0,Y,Y,Y,Y,Y,urogenital_system,testis,,MSS/MSI-L,D/F12,Adherent
JAR,907175.0,Y,Y,Y,Y,Y,urogenital_system,urogenital_system_other,,MSS/MSI-L,R,Adherent
JEG-3,907176.0,Y,Y,Y,Y,Y,urogenital_system,urogenital_system_other,,MSS/MSI-L,D/F12,Adherent
SW954,924247.0,Y,Y,Y,Y,Y,urogenital_system,urogenital_system_other,,MSS/MSI-L,D/F12,Adherent
SW962,909758.0,Y,Y,Y,Y,Y,urogenital_system,urogenital_system_other,,MSS/MSI-L,D/F12,Adherent
MES-SA,908127.0,Y,Y,Y,Y,Y,urogenital_system,uterus,,MSS/MSI-L,R,Adherent
SKN,1240215.0,Y,Y,Y,Y,Y,urogenital_system,uterus,,MSS/MSI-L,D/F12,Adherent
DMS-79,753551.0,Y,Y,Y,Y,Y,lung_SCLC,lung_small_cell_carcinoma,SCLC,,R,Suspension
CMK,910566.0,Y,Y,Y,N,Y,leukemia,acute_myeloid_leukaemia,LAML,MSS/MSI-L,R,Suspension
NB-4,1323913.0,Y,Y,Y,N,Y,leukemia,acute_myeloid_leukaemia,LAML,MSS/MSI-L,R,Suspension
MHH-CALL-4,908133.0,Y,Y,Y,Y,N,leukemia,B_cell_leukemia,,MSS/MSI-L,R,Suspension
BC-3,910918.0,Y,Y,N,Y,Y,lymphoma,B_cell_lymphoma,DLBC,MSS/MSI-L,R,Suspension
HT,907063.0,Y,Y,N,Y,Y,lymphoma,B_cell_lymphoma,DLBC,MSI-H,R,Suspension
JM1,1327768.0,Y,Y,Y,N,Y,lymphoma,B_cell_lymphoma,DLBC,MSS/MSI-L,D/F12,Suspension
BONNA-12,906695.0,Y,Y,Y,Y,N,leukemia,hairy_cell_leukaemia,,MSS/MSI-L,R,Suspension
ES6,949157.0,Y,Y,Y,N,Y,bone,ewings_sarcoma,,MSS/MSI-L,R,Adherent
MHH-ES-1,908134.0,Y,Y,N,Y,Y,bone,ewings_sarcoma,,MSS/MSI-L,R,Adherent
DIFI,1789883.0,Y,Y,N,Y,Y,large_intestine,large_intestine,COAD/READ,MSS/MSI-L,D/F12,Adherent
NCI-H508,908442.0,Y,Y,N,Y,Y,large_intestine,large_intestine,COAD/READ,MSS/MSI-L,R,Semi-Adherent
SNU-283,1659929.0,Y,Y,Y,Y,N,large_intestine,large_intestine,COAD/READ,MSS/MSI-L,R,Adherent
SW620,905962.0,Y,Y,Y,N,Y,large_intestine,large_intestine,COAD/READ,MSS/MSI-L,D/F12,Adherent
JHH-2,1240157.0,Y,N,Y,Y,Y,digestive_system,liver,LIHC,MSS/MSI-L,D/F12,Adherent
JHH-4,1240158.0,Y,N,Y,Y,Y,digestive_system,liver,LIHC,MSS/MSI-L,D/F12,Adherent
RCC-JF,1524415.0,Y,Y,Y,N,Y,kidney,kidney,KIRC,MSS/MSI-L,D/F12,Adherent
SW156,1240220.0,Y,N,Y,Y,Y,kidney,kidney,KIRC,MSS/MSI-L,D/F12,Adherent
HOP-62,905972.0,Y,Y,Y,N,Y,lung_NSCLC,lung_NSCLC_adenocarcinoma,LUAD,MSS/MSI-L,R,Adherent
NCI-H1437,687794.0,Y,Y,N,Y,Y,lung_NSCLC,lung_NSCLC_adenocarcinoma,LUAD,MSS/MSI-L,R,Adherent
PC-3 [JPC-3],1240202.0,Y,Y,Y,N,Y,lung_NSCLC,lung_NSCLC_adenocarcinoma,LUAD,MSS/MSI-L,D/F12,Adherent
NCI-H740,1331055.0,Y,Y,Y,Y,N,lung_SCLC,lung_small_cell_carcinoma,SCLC,MSS/MSI-L,R,Suspension
COR-L95,1297439.0,Y,Y,Y,N,Y,lung_SCLC,lung_small_cell_carcinoma,SCLC,MSS/MSI-L,R,Adherent
HCC-33,1303901.0,Y,Y,N,Y,Y,lung_SCLC,lung_small_cell_carcinoma,SCLC,MSS/MSI-L,R,Adherent
NCI-H128,753597.0,Y,Y,N,Y,Y,lung_SCLC,lung_small_cell_carcinoma,SCLC,MSS/MSI-L,R,Suspension
NCI-H1304,753599.0,Y,Y,Y,N,Y,lung_SCLC,lung_small_cell_carcinoma,SCLC,MSS/MSI-L,D/F12,Suspension
NCI-H2081,908480.0,Y,Y,N,Y,Y,lung_SCLC,lung_small_cell_carcinoma,SCLC,MSS/MSI-L,D/F12,Suspension
NCI-H2171,688015.0,Y,Y,N,Y,Y,lung_SCLC,lung_small_cell_carcinoma,SCLC,MSS/MSI-L,D/F12,Suspension
SHP-77,724872.0,Y,Y,Y,N,Y,lung_SCLC,lung_small_cell_carcinoma,SCLC,MSS/MSI-L,R,Semi-Adherent
SW1271,1299062.0,Y,Y,Y,N,Y,lung_SCLC,lung_small_cell_carcinoma,SCLC,MSS/MSI-L,D/F12,Adherent
D-423MG,946372.0,Y,Y,Y,N,Y,nervous_system,glioma,GBM,MSS/MSI-L,D/F12,Adherent
KP-N-RT-BM-1,924189.0,Y,Y,N,Y,Y,neuroblastoma,neuroblastoma,NB,MSS/MSI-L,R,Semi-Adherent
KP-N-YS,946363.0,Y,Y,N,Y,Y,neuroblastoma,neuroblastoma,NB,MSS/MSI-L,R,Adherent
MC-IXC,908118.0,Y,Y,N,Y,Y,neuroblastoma,neuroblastoma,NB,MSS/MSI-L,D/F12,Adherent
COLO-783,1240125.0,Y,Y,Y,N,Y,skin,melanoma,SKCM,MSS/MSI-L,R,Adherent
CP67-MEL,949092.0,Y,Y,N,Y,Y,skin,melanoma,SKCM,MSS/MSI-L,D/F12,Adherent
HS633T,1240149.0,Y,N,Y,Y,Y,soft_tissue,fibrosarcoma,,MSS/MSI-L,D/F12,Adherent
KMH-2,1298167.0,Y,Y,N,Y,Y,thyroid,thyroid,THCA,MSS/MSI-L,R,Adherent
OMC-1,949154.0,Y,Y,N,Y,Y,urogenital_system,cervix,CESC,MSS/MSI-L,D/F12,Adherent
RL95-2,930082.0,Y,Y,Y,N,Y,urogenital_system,endometrium,,MSI-H,D/F12,Adherent
CAOV-3,906825.0,Y,Y,N,Y,Y,urogenital_system,ovary,OV,MSS/MSI-L,D/F12,Adherent
DOV13,1479987.0,Y,Y,Y,N,Y,urogenital_system,ovary,OV,MSS/MSI-L,D/F12,Adherent
HEY,1479988.0,Y,Y,Y,N,Y,urogenital_system,ovary,OV,MSS/MSI-L,R,Adherent
NCI-H660,1330975.0,Y,Y,Y,Y,N,urogenital_system,prostate,,MSS/MSI-L,D/F12,Suspension
JHU-029,1298156.0,Y,Y,Y,N,Y,aero_dig_tract,head and neck,HNSC,,R,Adherent
SCC90,1299052.0,Y,Y,Y,N,Y,aero_dig_tract,head and neck,HNSC,,R,Adherent
MOLM-16,1330948.0,Y,Y,Y,N,Y,leukemia,acute_myeloid_leukaemia,LAML,,R,Suspension
OCI-LY7,1659819.0,Y,Y,Y,N,Y,lymphoma,B_cell_lymphoma,DLBC,,D/F12,Suspension
KMS-11,1659817.0,Y,Y,Y,N,Y,myeloma,myeloma,MM,,R,Suspension
CHSA0011,1290767.0,Y,Y,Y,N,Y,bone,chondrosarcoma,,,R,Adherent
CHSA0108,1290768.0,Y,Y,Y,N,Y,bone,chondrosarcoma,,,R,Adherent
JIMT-1,1298157.0,Y,Y,Y,N,Y,breast,breast,BRCA,,D/F12,Adherent
CL-34,1290771.0,Y,Y,Y,N,Y,large_intestine,large_intestine,COAD/READ,,D/F12,Adherent
VMRC-LCD,713869.0,Y,Y,Y,N,Y,lung_NSCLC,lung_NSCLC_adenocarcinoma,LUAD,,D/F12,Adherent
K2,1298160.0,Y,Y,Y,N,Y,skin,melanoma,SKCM,,D/F12,Adherent
STS-0421,1299061.0,Y,Y,Y,N,Y,soft_tissue,soft_tissue_other,,,R,Adherent
MY-M12,1330960.0,Y,Y,N,N,Y,leukemia,leukemia,ALL,MSS/MSI-L,R,Suspension
TALL-1,909762.0,Y,Y,N,N,Y,leukemia,lymphoblastic_T_cell_leukaemia,ALL,MSS/MSI-L,R,Suspension
NK-92MI,1330981.0,Y,Y,N,N,Y,lymphoma,lymphoid_neoplasm other,,MSS/MSI-L,D/F12,Suspension
MDA-MB-175-VII,908120.0,Y,Y,N,N,Y,breast,breast,BRCA,MSS/MSI-L,D/F12,Adherent
YMB-1-E,1303911.0,Y,Y,N,N,Y,breast,breast,BRCA,MSS/MSI-L,R,Adherent
VMRC-RCW,1240224.0,Y,Y,N,N,Y,kidney,kidney,KIRC,MSS/MSI-L,R,Adherent
NCI-H460,905943.0,Y,Y,N,N,Y,lung_NSCLC,lung_NSCLC_large cell,,MSS/MSI-L,R,Adherent
RERF-LC-FM,930081.0,Y,Y,N,Y,N,lung_SCLC,lung_small_cell_carcinoma,SCLC,MSS/MSI-L,R,Suspension
D-245MG,946366.0,Y,Y,N,Y,N,nervous_system,glioma,GBM,MSS/MSI-L,D/F12,Adherent
HS939-T,1298144.0,Y,Y,N,N,Y,skin,melanoma,SKCM,MSS/MSI-L,D/F12,Adherent
VMRC-MELG,930301.0,Y,Y,N,N,Y,skin,melanoma,SKCM,MSS/MSI-L,D/F12,Adherent
OVCA433,1480367.0,Y,Y,N,N,Y,urogenital_system,ovary,OV,MSS/MSI-L,D/F12,Adherent
TMK-1,1299069.0,Y,Y,N,N,Y,digestive_system,stomach,STAD,,R,Adherent
KP-2,1298218.0,Y,N,Y,N,Y,pancreas,pancreas,PAAD,,D/F12,Adherent
KO52,1330932.0,Y,Y,N,N,N,leukemia,acute_myeloid_leukaemia,LAML,MSS/MSI-L,D/F12,
SC-1,1331030.0,Y,Y,N,N,N,lymphoma,B_cell_lymphoma,DLBC,MSS/MSI-L,R,
U-CH2,1503373.0,Y,Y,N,N,N,bone,bone_other,,MSS/MSI-L,D/F12,Adherent
TOTAL:,,1001,996,968,957,990,,,,,,
